# Generated by generate_catalina_collision_mesh.py
# Source: Catalina scene.gltf; flat ocean triangles removed
o catalina_terrain_collision
v 13521.333984 13964.684570 0.000000
v 14171.048828 13964.685547 0.000000
v 12221.900391 13410.515625 0.000000
v 12871.619141 13410.518555 0.000000
v 13521.333984 13410.515625 0.000000
v 14171.048828 13410.518555 99.877190
v 14820.759766 13410.515625 0.000000
v 15470.478516 13410.516602 0.000000
v 11572.189453 12856.348633 0.000000
v 12221.904297 12856.347656 0.000000
v 12871.619141 12856.347656 193.226059
v 13521.333984 12856.348633 510.859863
v 14171.048828 12856.347656 751.548950
v 14820.763672 12856.348633 506.042664
v 15470.478516 12856.346680 168.795074
v 16120.193359 12856.348633 0.000000
v 10922.474609 12302.177734 0.000000
v 11572.189453 12302.178711 0.000000
v 12221.900391 12302.179688 381.235535
v 12871.619141 12302.179688 902.899719
v 13521.333984 12302.179688 937.603943
v 14171.048828 12302.178711 932.457275
v 14820.763672 12302.177734 666.024353
v 15470.478516 12302.179688 677.662415
v 16120.197266 12302.179688 177.857498
v 16769.908203 12302.177734 0.000000
v 9623.044922 11748.011719 0.000000
v 10272.759766 11748.009766 0.000000
v 10922.476562 11748.011719 0.000000
v 11572.189453 11748.011719 381.057251
v 12221.904297 11748.011719 657.591003
v 12871.619141 11748.009766 1038.808472
v 13521.333984 11748.011719 1243.539429
v 14171.048828 11748.011719 959.586731
v 14820.763672 11748.009766 940.196289
v 15470.478516 11748.011719 794.816040
v 16120.193359 11748.009766 571.025085
v 16769.908203 11748.010742 0.000000
v -122.677734 11193.842773 0.000000
v 527.039062 11193.842773 0.000000
v 1176.751953 11193.841797 0.000000
v 1826.468750 11193.840820 0.000000
v 2476.181641 11193.843750 0.000000
v 3125.898438 11193.841797 0.000000
v 3775.611328 11193.841797 0.000000
v 4425.326172 11193.841797 0.000000
v 5724.755859 11193.840820 0.000000
v 6374.470703 11193.841797 0.000000
v 8323.615234 11193.842773 0.000000
v 8973.330078 11193.841797 0.000000
v 9623.044922 11193.842773 0.000000
v 10272.759766 11193.841797 177.198486
v 10922.474609 11193.842773 522.926880
v 11572.189453 11193.842773 732.096619
v 12221.900391 11193.840820 958.839966
v 12871.619141 11193.842773 878.999023
v 13521.333984 11193.843750 1220.255493
v 14171.048828 11193.840820 1109.663208
v 14820.763672 11193.841797 1038.119873
v 15470.478516 11193.842773 1040.135742
v 16120.193359 11193.843750 345.503357
v 16769.908203 11193.841797 0.000000
v -1422.105469 10639.671875 0.000000
v -772.390625 10639.674805 0.000000
v -122.675781 10639.672852 0.000000
v 527.039062 10639.673828 25.077908
v 1176.751953 10639.671875 46.479290
v 1826.466797 10639.674805 271.631348
v 2476.181641 10639.673828 153.896942
v 3125.896484 10639.674805 229.359131
v 3775.613281 10639.673828 133.484268
v 4425.326172 10639.672852 61.002918
v 5075.041016 10639.671875 0.000000
v 5724.755859 10639.673828 0.000000
v 6374.470703 10639.672852 15.014100
v 7024.185547 10639.673828 0.000000
v 7673.900391 10639.671875 0.000000
v 8323.613281 10639.672852 0.000000
v 8973.330078 10639.673828 173.442642
v 9623.044922 10639.672852 736.237183
v 10272.759766 10639.673828 812.685547
v 10922.474609 10639.673828 599.698730
v 11572.189453 10639.673828 602.645630
v 12221.904297 10639.672852 709.003052
v 12871.619141 10639.673828 853.336731
v 13521.333984 10639.674805 973.259705
v 14171.048828 10639.672852 923.336365
v 14820.763672 10639.672852 1019.512329
v 15470.478516 10639.673828 889.000549
v 16120.193359 10639.671875 679.616089
v 16769.908203 10639.672852 0.000000
v -2071.822266 10085.505859 0.000000
v -1422.107422 10085.505859 0.000000
v -772.392578 10085.505859 33.490898
v -122.677734 10085.506836 382.132843
v 527.039062 10085.504883 383.546509
v 1176.753906 10085.504883 464.521729
v 1826.468750 10085.505859 579.155884
v 2476.183594 10085.505859 583.425964
v 3125.898438 10085.505859 375.487671
v 3775.611328 10085.505859 370.387054
v 4425.326172 10085.505859 262.912292
v 5075.041016 10085.504883 415.841400
v 5724.755859 10085.505859 278.591583
v 6374.470703 10085.505859 450.968872
v 7024.185547 10085.505859 135.680695
v 7673.900391 10085.503906 470.733398
v 8323.615234 10085.504883 764.051514
v 8973.330078 10085.503906 1122.740967
v 9623.044922 10085.504883 1239.324097
v 10272.759766 10085.504883 1119.475342
v 10922.474609 10085.504883 966.345154
v 11572.189453 10085.504883 731.631226
v 12221.904297 10085.505859 537.119080
v 12871.619141 10085.505859 522.691467
v 13521.333984 10085.506836 858.451965
v 14171.048828 10085.505859 702.507935
v 14820.763672 10085.504883 969.382629
v 15470.478516 10085.504883 644.109619
v 16120.197266 10085.506836 286.715118
v 16769.908203 10085.505859 0.000000
v -2721.537109 9531.336914 0.000000
v -2071.820312 9531.335938 0.000000
v -1422.105469 9531.336914 68.905533
v -772.392578 9531.336914 314.600861
v -122.677734 9531.337891 493.064636
v 527.037109 9531.337891 619.252380
v 1176.751953 9531.336914 662.855469
v 1826.466797 9531.337891 695.030212
v 2476.181641 9531.337891 800.540771
v 3125.896484 9531.336914 703.181763
v 3775.613281 9531.336914 559.966553
v 4425.328125 9531.336914 566.163696
v 5075.041016 9531.336914 750.666321
v 5724.755859 9531.335938 504.558594
v 6374.468750 9531.336914 858.783203
v 7024.187500 9531.338867 516.985291
v 7673.900391 9531.336914 222.116501
v 8323.615234 9531.337891 825.502747
v 8973.330078 9531.337891 1027.441284
v 9623.044922 9531.337891 1034.189819
v 10272.759766 9531.337891 1142.225830
v 10922.474609 9531.335938 1093.904419
v 11572.189453 9531.337891 708.110718
v 12221.904297 9531.337891 424.267487
v 12871.619141 9531.336914 283.880646
v 13521.333984 9531.335938 596.099976
v 14171.048828 9531.336914 482.886261
v 14820.763672 9531.335938 695.017639
v 15470.478516 9531.336914 291.633972
v 16120.193359 9531.337891 149.231628
v 16769.908203 9531.336914 0.000000
v -2721.535156 8977.167969 0.000000
v -2071.822266 8977.166992 13.990391
v -1422.107422 8977.168945 177.421371
v -772.392578 8977.167969 560.915894
v -122.675781 8977.167969 769.873047
v 527.037109 8977.167969 906.884644
v 1176.753906 8977.168945 960.324097
v 1826.466797 8977.166992 971.051392
v 2476.181641 8977.167969 1090.770264
v 3125.896484 8977.168945 883.561707
v 3775.613281 8977.167969 891.672058
v 4425.326172 8977.167969 959.164673
v 5075.041016 8977.168945 1022.323425
v 5724.755859 8977.167969 1048.215576
v 6374.470703 8977.167969 977.341003
v 7024.185547 8977.169922 1007.587585
v 7673.900391 8977.167969 853.088562
v 8323.613281 8977.167969 309.231354
v 8973.330078 8977.168945 511.138733
v 9623.044922 8977.168945 779.805420
v 10272.757812 8977.167969 1017.480164
v 10922.474609 8977.168945 1148.149170
v 11572.187500 8977.166992 866.749146
v 12221.904297 8977.167969 504.566742
v 12871.619141 8977.167969 250.307129
v 13521.333984 8977.168945 251.770584
v 14171.048828 8977.167969 346.272308
v 14820.763672 8977.168945 687.189575
v 15470.478516 8977.167969 342.986145
v 16120.193359 8977.167969 14.017762
v 16769.908203 8977.167969 0.000000
v -3371.250000 8423.000000 0.000000
v -2721.535156 8422.999023 0.000000
v -2071.820312 8423.000977 140.588242
v -1422.107422 8423.000000 515.493652
v -772.390625 8422.999023 831.202209
v -122.677734 8423.000977 868.144592
v 527.039062 8422.999023 1077.793457
v 1176.751953 8423.000000 1187.798828
v 1826.466797 8423.000977 1076.039673
v 2476.181641 8422.999023 1049.703735
v 3125.896484 8423.000000 1058.273804
v 3775.611328 8423.000000 974.509521
v 4425.328125 8423.000000 894.264465
v 5075.041016 8423.000000 1027.539185
v 5724.755859 8423.000000 1132.585693
v 6374.470703 8423.000000 1089.350342
v 7024.185547 8423.000000 1084.088867
v 7673.900391 8422.999023 1080.705200
v 8323.615234 8423.000977 659.629639
v 8973.330078 8422.999023 466.056366
v 9623.044922 8423.000977 901.122559
v 10272.759766 8423.000000 1159.705811
v 10922.474609 8423.000000 1162.339478
v 11572.189453 8423.000000 896.191162
v 12221.904297 8423.000000 741.310120
v 12871.619141 8423.000000 265.975769
v 13521.330078 8423.000000 166.382538
v 14171.048828 8423.000000 223.460342
v 14820.763672 8423.000000 270.349365
v 15470.478516 8422.999023 232.423279
v 16120.193359 8422.999023 0.000000
v 16769.908203 8423.000000 0.000000
v -3371.251953 7868.831055 0.000000
v -2721.537109 7868.831055 16.994980
v -2071.820312 7868.831055 405.849091
v -1422.105469 7868.832031 756.945007
v -772.392578 7868.830078 1052.268921
v -122.675781 7868.832031 1164.196045
v 527.039062 7868.832031 1053.440796
v 1176.751953 7868.831055 939.523132
v 1826.466797 7868.831055 864.485596
v 2476.183594 7868.832031 872.278198
v 3125.896484 7868.831055 808.414856
v 3775.611328 7868.831055 917.004944
v 4425.326172 7868.832031 902.825378
v 5075.041016 7868.831055 1004.001770
v 5724.755859 7868.831055 958.271423
v 6374.470703 7868.831055 932.894348
v 7024.185547 7868.831055 1218.303955
v 7673.900391 7868.831055 1187.039795
v 8323.615234 7868.831055 1271.762085
v 8973.330078 7868.831055 876.497986
v 9623.046875 7868.831055 720.368896
v 10272.759766 7868.832031 1110.765503
v 10922.474609 7868.831055 1193.568970
v 11572.187500 7868.830078 924.990234
v 12221.904297 7868.831055 659.305237
v 12871.619141 7868.831055 266.873810
v 13521.333984 7868.832031 140.434540
v 14171.048828 7868.830078 21.788780
v 14820.763672 7868.832031 286.752350
v 15470.478516 7868.831055 0.000000
v 16120.189453 7868.830078 0.000000
v -4020.964844 7314.662109 0.000000
v -3371.251953 7314.663086 0.000000
v -2721.537109 7314.663086 304.304291
v -2071.820312 7314.662109 651.249756
v -1422.105469 7314.664062 894.833557
v -772.392578 7314.662109 841.258667
v -122.675781 7314.663086 1019.840393
v 527.037109 7314.663086 804.834595
v 1176.751953 7314.664062 751.801270
v 1826.466797 7314.662109 759.309692
v 2476.183594 7314.664062 830.456543
v 3125.896484 7314.662109 877.181641
v 3775.611328 7314.662109 971.003845
v 4425.326172 7314.662109 897.403442
v 5075.042969 7314.662109 809.896423
v 5724.755859 7314.662109 811.578857
v 6374.470703 7314.662109 926.409180
v 7024.185547 7314.662109 1102.063965
v 7673.900391 7314.664062 1205.653076
v 8323.615234 7314.662109 1292.885132
v 8973.330078 7314.662109 1234.857422
v 9623.048828 7314.664062 1036.965454
v 10272.757812 7314.662109 1191.982544
v 10922.474609 7314.662109 1126.796631
v 11572.189453 7314.662109 946.546692
v 12221.904297 7314.662109 531.430237
v 12871.619141 7314.664062 499.631805
v 13521.333984 7314.661133 216.959396
v 14171.048828 7314.662109 1.312630
v 14820.763672 7314.661133 0.000000
v 15470.478516 7314.664062 0.000000
v -4020.966797 6760.496094 0.000000
v -3371.251953 6760.496094 35.453987
v -2721.535156 6760.493164 500.397095
v -2071.822266 6760.494141 810.016357
v -1422.107422 6760.494141 852.405701
v -772.392578 6760.494141 901.025330
v -122.677734 6760.496094 733.018982
v 527.039062 6760.494141 641.690552
v 1176.751953 6760.496094 811.284424
v 1826.468750 6760.494141 785.126770
v 2476.181641 6760.493164 573.471130
v 3125.898438 6760.495117 579.825989
v 3775.611328 6760.495117 606.109924
v 4425.326172 6760.494141 626.080078
v 5075.041016 6760.495117 688.386169
v 5724.755859 6760.495117 690.945923
v 6374.470703 6760.494141 765.886169
v 7024.183594 6760.494141 973.149841
v 7673.900391 6760.495117 1085.603760
v 8323.615234 6760.495117 1263.042480
v 8973.330078 6760.494141 1164.169922
v 9623.044922 6760.494141 1072.053711
v 10272.759766 6760.494141 1138.426392
v 10922.474609 6760.494141 1245.427734
v 11572.189453 6760.494141 1001.872925
v 12221.904297 6760.494141 724.417847
v 12871.619141 6760.496094 315.077362
v 13521.333984 6760.492188 253.777679
v 14171.048828 6760.495117 24.639538
v 14820.763672 6760.495117 0.000000
v -4020.966797 6206.328125 0.000000
v -3371.250000 6206.326172 235.049820
v -2721.535156 6206.326172 557.041504
v -2071.822266 6206.324219 745.560547
v -1422.107422 6206.326172 602.100159
v -772.392578 6206.326172 629.364563
v -122.677734 6206.324219 589.854431
v 527.037109 6206.326172 679.379333
v 1176.751953 6206.326172 545.413452
v 1826.466797 6206.324219 568.427612
v 2476.181641 6206.327148 632.880371
v 3125.898438 6206.326172 660.706177
v 3775.611328 6206.326172 645.641724
v 4425.326172 6206.325195 748.100830
v 5075.042969 6206.326172 857.008301
v 5724.755859 6206.327148 826.019897
v 6374.470703 6206.326172 715.875366
v 7024.187500 6206.327148 920.209839
v 7673.900391 6206.324219 1070.321655
v 8323.615234 6206.325195 1233.877930
v 8973.330078 6206.326172 1106.525269
v 9623.044922 6206.324219 1151.404785
v 10272.759766 6206.326172 1099.878174
v 10922.476562 6206.327148 1136.018799
v 11572.189453 6206.326172 1060.047485
v 12221.904297 6206.326172 583.374512
v 12871.619141 6206.326172 303.073181
v 13521.333984 6206.325195 244.231674
v 14171.048828 6206.325195 0.000000
v 14820.767578 6206.328125 0.000000
v -4020.964844 5652.158203 0.000000
v -3371.250000 5652.158203 317.359863
v -2721.537109 5652.159180 567.424866
v -2071.822266 5652.158203 501.806427
v -1422.107422 5652.157227 373.689026
v -772.390625 5652.156250 537.772827
v -122.675781 5652.157227 441.880280
v 527.037109 5652.156250 497.458221
v 1176.751953 5652.157227 574.059265
v 1826.468750 5652.157227 643.854065
v 2476.181641 5652.159180 590.695496
v 3125.896484 5652.158203 602.819641
v 3775.611328 5652.156250 809.082153
v 4425.326172 5652.156250 836.313293
v 5075.041016 5652.156250 787.752808
v 5724.755859 5652.158203 972.809326
v 6374.470703 5652.159180 865.908936
v 7024.185547 5652.158203 818.836182
v 7673.900391 5652.158203 931.027466
v 8323.613281 5652.156250 1135.732544
v 8973.330078 5652.157227 1083.912231
v 9623.044922 5652.157227 1156.890991
v 10272.757812 5652.156250 1043.761230
v 10922.476562 5652.158203 1041.026611
v 11572.189453 5652.158203 849.659058
v 12221.904297 5652.156250 672.536560
v 12871.619141 5652.157227 469.718781
v 13521.333984 5652.157227 142.881027
v 14171.048828 5652.156250 0.000000
v -4020.964844 5097.988281 0.000000
v -3371.250000 5097.988281 77.412071
v -2721.535156 5097.990234 439.644165
v -2071.822266 5097.989258 233.794479
v -1422.105469 5097.987305 381.444214
v -772.390625 5097.989258 366.622009
v -122.675781 5097.990234 470.189362
v 527.039062 5097.989258 826.083130
v 1176.751953 5097.988281 695.276917
v 1826.468750 5097.989258 730.398376
v 2476.181641 5097.988281 826.985168
v 3125.898438 5097.988281 792.191040
v 3775.611328 5097.988281 722.136841
v 4425.326172 5097.988281 778.412476
v 5075.041016 5097.988281 1009.536804
v 5724.755859 5097.990234 985.546265
v 6374.470703 5097.988281 1021.198059
v 7024.185547 5097.989258 976.520874
v 7673.900391 5097.988281 859.361572
v 8323.615234 5097.989258 987.547668
v 8973.330078 5097.989258 1183.353394
v 9623.044922 5097.990234 1012.539673
v 10272.759766 5097.988281 831.601624
v 10922.474609 5097.988281 569.920227
v 11572.189453 5097.990234 577.352783
v 12221.900391 5097.990234 219.591309
v 12871.619141 5097.986328 73.753113
v 13521.333984 5097.989258 0.000000
v 14171.048828 5097.989258 0.000000
v -4020.964844 4543.818359 0.000000
v -3371.250000 4543.821289 40.067223
v -2721.535156 4543.821289 34.846104
v -2071.822266 4543.819336 224.041122
v -1422.107422 4543.820312 231.787277
v -772.392578 4543.819336 449.473724
v -122.675781 4543.818359 568.520020
v 527.037109 4543.820312 696.107117
v 1176.753906 4543.821289 637.088928
v 1826.468750 4543.819336 696.201233
v 2476.181641 4543.820312 754.900940
v 3125.896484 4543.821289 866.130005
v 3775.609375 4543.818359 991.882324
v 4425.326172 4543.820312 798.979309
v 5075.041016 4543.821289 770.702515
v 5724.755859 4543.820312 949.940186
v 6374.470703 4543.820312 1033.628052
v 7024.185547 4543.820312 1033.877930
v 7673.900391 4543.821289 897.939270
v 8323.615234 4543.821289 963.842285
v 8973.330078 4543.820312 1002.585510
v 9623.044922 4543.820312 599.972839
v 10272.759766 4543.821289 550.146484
v 10922.474609 4543.820312 446.332092
v 11572.189453 4543.820312 166.648849
v 12221.904297 4543.821289 85.565063
v 12871.619141 4543.820312 0.000000
v 13521.333984 4543.820312 0.000000
v -4020.966797 3989.652344 0.000000
v -3371.250000 3989.652344 0.000000
v -2721.535156 3989.652344 278.775452
v -2071.822266 3989.651367 319.832581
v -1422.107422 3989.651367 501.960175
v -772.390625 3989.651367 449.805450
v -122.677734 3989.652344 575.787292
v 527.037109 3989.651367 644.089966
v 1176.753906 3989.650391 823.785889
v 1826.468750 3989.652344 1059.608398
v 2476.183594 3989.652344 835.455994
v 3125.898438 3989.651367 972.015198
v 3775.611328 3989.652344 1293.355469
v 4425.328125 3989.652344 1078.353516
v 5075.041016 3989.651367 754.503174
v 5724.755859 3989.652344 994.697754
v 6374.470703 3989.652344 978.312683
v 7024.185547 3989.652344 1146.683105
v 7673.900391 3989.652344 1071.782837
v 8323.615234 3989.652344 1031.878174
v 8973.330078 3989.652344 825.727417
v 9623.044922 3989.652344 545.005981
v 10272.759766 3989.652344 293.095062
v 10922.474609 3989.651367 193.862885
v 11572.189453 3989.652344 103.524353
v 12221.904297 3989.652344 0.000000
v 12871.619141 3989.651367 0.000000
v -4020.964844 3435.483398 0.000000
v -3371.251953 3435.484375 2.197844
v -2721.535156 3435.484375 157.989395
v -2071.822266 3435.484375 246.080566
v -1422.105469 3435.482422 401.866852
v -772.392578 3435.482422 419.791748
v -122.675781 3435.485352 484.407959
v 527.039062 3435.482422 595.500916
v 1176.751953 3435.484375 800.976685
v 1826.466797 3435.485352 1198.937988
v 2476.183594 3435.484375 1153.852051
v 3125.898438 3435.484375 1168.675415
v 3775.613281 3435.484375 1611.071655
v 4425.326172 3435.483398 1180.110596
v 5075.041016 3435.484375 854.372253
v 5724.755859 3435.484375 885.417114
v 6374.470703 3435.483398 1135.009766
v 7024.185547 3435.484375 1040.626343
v 7673.900391 3435.483398 1001.888367
v 8323.613281 3435.482422 763.373352
v 8973.330078 3435.483398 945.673706
v 9623.044922 3435.482422 561.931091
v 10272.759766 3435.483398 341.592255
v 10922.474609 3435.484375 55.702740
v 11572.189453 3435.482422 0.000000
v 12221.904297 3435.483398 0.000000
v -3371.250000 2881.315430 0.000000
v -2721.535156 2881.315430 162.161774
v -2071.820312 2881.314453 301.179871
v -1422.107422 2881.314453 209.310318
v -772.392578 2881.315430 309.967407
v -122.675781 2881.313477 376.371643
v 527.037109 2881.315430 577.304077
v 1176.751953 2881.314453 640.100159
v 1826.466797 2881.314453 715.327515
v 2476.181641 2881.314453 853.944153
v 3125.896484 2881.315430 1168.350342
v 3775.613281 2881.315430 1434.738403
v 4425.328125 2881.314453 1277.231323
v 5075.041016 2881.314453 928.274597
v 5724.755859 2881.316406 865.119019
v 6374.470703 2881.316406 858.399414
v 7024.185547 2881.315430 1014.320129
v 7673.900391 2881.316406 923.794067
v 8323.615234 2881.315430 397.740601
v 8973.330078 2881.314453 742.996521
v 9623.044922 2881.316406 913.796082
v 10272.759766 2881.315430 442.216431
v 10922.474609 2881.314453 0.000000
v 11572.189453 2881.314453 0.000000
v -3371.251953 2327.146484 0.000000
v -2721.537109 2327.146484 0.000000
v -2071.820312 2327.146484 32.274948
v -1422.107422 2327.146484 173.195465
v -772.392578 2327.146484 335.955383
v -122.677734 2327.146484 482.791809
v 527.037109 2327.146484 358.438995
v 1176.753906 2327.146484 538.300720
v 1826.466797 2327.147461 536.305786
v 2476.181641 2327.146484 724.449402
v 3125.896484 2327.146484 927.563599
v 3775.611328 2327.146484 1194.925293
v 4425.326172 2327.146484 1332.933350
v 5075.041016 2327.146484 1181.395996
v 5724.755859 2327.146484 1164.643066
v 6374.472656 2327.148438 1025.383911
v 7024.185547 2327.146484 861.551758
v 7673.900391 2327.146484 525.443909
v 8323.617188 2327.146484 291.574982
v 8973.330078 2327.146484 351.349396
v 9623.044922 2327.146484 401.395477
v 10272.757812 2327.146484 261.793701
v 10922.472656 2327.146484 0.000000
v -3371.250000 1772.977539 0.000000
v -2721.537109 1772.978516 78.482262
v -2071.822266 1772.977539 28.131815
v -1422.107422 1772.977539 106.513168
v -772.392578 1772.978516 383.869720
v -122.677734 1772.979492 344.452118
v 527.039062 1772.978516 423.036713
v 1176.753906 1772.977539 357.459961
v 1826.466797 1772.978516 647.625671
v 2476.181641 1772.978516 703.100098
v 3125.896484 1772.977539 810.436951
v 3775.613281 1772.978516 997.439209
v 4425.326172 1772.978516 1147.942139
v 5075.041016 1772.978516 1292.947754
v 5724.755859 1772.977539 1484.692627
v 6374.470703 1772.978516 1216.813965
v 7024.185547 1772.978516 649.558838
v 7673.902344 1772.978516 381.820068
v 8323.615234 1772.978516 127.731827
v 8973.330078 1772.978516 133.427948
v 9623.044922 1772.977539 127.627190
v 10272.759766 1772.978516 0.000000
v 10922.474609 1772.978516 0.000000
v -3371.250000 1218.808594 0.000000
v -2721.535156 1218.808594 191.154251
v -2071.822266 1218.808594 49.328175
v -1422.107422 1218.808594 290.160858
v -772.392578 1218.808594 218.868729
v -122.677734 1218.808594 497.868835
v 527.037109 1218.808594 484.585236
v 1176.751953 1218.808594 605.072998
v 1826.466797 1218.808594 486.029358
v 2476.181641 1218.808594 515.064453
v 3125.896484 1218.810547 650.272644
v 3775.611328 1218.808594 823.520935
v 4425.326172 1218.808594 1062.365112
v 5075.041016 1218.810547 1107.939941
v 5724.755859 1218.808594 1122.955200
v 6374.470703 1218.810547 1087.000977
v 7024.185547 1218.808594 647.661743
v 7673.900391 1218.808594 473.458282
v 8323.615234 1218.808594 301.472046
v 8973.330078 1218.810547 55.089931
v 9623.044922 1218.808594 0.000000
v 10272.759766 1218.810547 0.000000
v -4020.964844 664.640625 0.000000
v -3371.251953 664.640625 0.000000
v -2721.537109 664.640625 296.708008
v -2071.822266 664.640625 96.666664
v -1422.107422 664.640625 281.070984
v -772.390625 664.640625 222.560120
v -122.677734 664.640625 380.526276
v 527.037109 664.640625 561.385681
v 1176.753906 664.640625 520.256165
v 1826.468750 664.640625 668.920532
v 2476.181641 664.640625 744.674561
v 3125.896484 664.640625 1036.416138
v 3775.611328 664.640625 1031.635010
v 4425.326172 664.640625 999.384277
v 5075.041016 664.642578 1022.223450
v 5724.755859 664.640625 1166.984863
v 6374.470703 664.640625 1103.495117
v 7024.185547 664.640625 887.438110
v 7673.900391 664.640625 685.612244
v 8323.615234 664.640625 591.694885
v 8973.332031 664.640625 211.895172
v 9623.044922 664.640625 0.000000
v -4020.966797 110.472656 0.000000
v -3371.250000 110.472656 23.523354
v -2721.537109 110.472656 340.055939
v -2071.822266 110.472656 177.899200
v -1422.105469 110.472656 210.377930
v -772.392578 110.472656 393.248413
v -122.675781 110.472656 385.891296
v 527.037109 110.472656 506.782959
v 1176.751953 110.472656 674.406189
v 1826.468750 110.472656 669.910645
v 2476.181641 110.472656 768.084106
v 3125.896484 110.472656 1030.919189
v 3775.613281 110.472656 1259.008179
v 4425.326172 110.472656 1148.753784
v 5075.041016 110.472656 1142.960449
v 5724.759766 110.472656 1120.727051
v 6374.470703 110.472656 1165.396118
v 7024.185547 110.472656 1147.110962
v 7673.902344 110.472656 941.460815
v 8323.615234 110.472656 518.377258
v 8973.330078 110.472656 443.162659
v 9623.044922 110.472656 0.000000
v -4020.964844 -443.697266 0.000000
v -3371.251953 -443.695312 115.977806
v -2721.537109 -443.695312 604.541687
v -2071.822266 -443.695312 361.077972
v -1422.107422 -443.695312 246.650513
v -772.390625 -443.695312 491.362579
v -122.677734 -443.695312 502.105225
v 527.037109 -443.695312 705.943420
v 1176.751953 -443.695312 682.366577
v 1826.466797 -443.697266 1058.748901
v 2476.181641 -443.695312 909.392700
v 3125.896484 -443.695312 995.046143
v 3775.611328 -443.697266 1293.268799
v 4425.326172 -443.695312 1242.821899
v 5075.041016 -443.695312 1158.372681
v 5724.755859 -443.695312 1316.553711
v 6374.470703 -443.695312 1045.386963
v 7024.185547 -443.697266 1097.109497
v 7673.900391 -443.695312 856.680847
v 8323.615234 -443.695312 788.828979
v 8973.330078 -443.695312 254.286530
v 9623.044922 -443.697266 0.000000
v -4020.964844 -997.865234 0.000000
v -3371.251953 -997.863281 70.149857
v -2721.535156 -997.863281 713.426392
v -2071.820312 -997.863281 535.776062
v -1422.105469 -997.865234 328.462494
v -772.390625 -997.863281 483.101532
v -122.677734 -997.863281 859.872864
v 527.037109 -997.865234 968.132690
v 1176.751953 -997.865234 692.706787
v 1826.468750 -997.863281 1008.237854
v 2476.181641 -997.865234 1081.626587
v 3125.896484 -997.863281 1099.649780
v 3775.611328 -997.863281 1189.371826
v 4425.324219 -997.863281 1218.525391
v 5075.041016 -997.863281 1176.083252
v 5724.755859 -997.865234 1094.615723
v 6374.472656 -997.863281 884.968140
v 7024.185547 -997.863281 902.497375
v 7673.900391 -997.863281 533.641724
v 8323.615234 -997.863281 427.023285
v 8973.330078 -997.865234 295.237152
v 9623.044922 -997.865234 0.000000
v -4020.966797 -1552.033203 0.000000
v -3371.250000 -1552.031250 233.711655
v -2721.535156 -1552.033203 640.652893
v -2071.822266 -1552.031250 422.084534
v -1422.105469 -1552.031250 417.058075
v -772.392578 -1552.033203 333.516052
v -122.677734 -1552.033203 468.341827
v 527.037109 -1552.033203 728.839722
v 1176.753906 -1552.031250 827.135559
v 1826.466797 -1552.033203 899.963013
v 2476.181641 -1552.033203 984.594482
v 3125.896484 -1552.033203 977.897400
v 3775.613281 -1552.033203 979.014038
v 4425.326172 -1552.031250 982.449280
v 5075.041016 -1552.033203 886.618652
v 5724.755859 -1552.035156 979.435181
v 6374.470703 -1552.033203 507.088074
v 7024.185547 -1552.033203 616.047241
v 7673.900391 -1552.033203 144.854324
v 8323.615234 -1552.033203 0.000000
v 8973.330078 -1552.031250 0.000000
v 9623.044922 -1552.031250 0.000000
v -4670.679688 -2106.201172 0.000000
v -4020.964844 -2106.201172 0.000000
v -3371.251953 -2106.201172 598.059692
v -2721.535156 -2106.201172 830.947388
v -2071.822266 -2106.201172 448.653137
v -1422.107422 -2106.201172 411.961517
v -772.390625 -2106.201172 605.393066
v -122.675781 -2106.201172 763.226074
v 527.037109 -2106.201172 798.265076
v 1176.753906 -2106.201172 833.961304
v 1826.466797 -2106.201172 757.947510
v 2476.181641 -2106.201172 763.008606
v 3125.896484 -2106.201172 746.992188
v 3775.611328 -2106.201172 796.704224
v 4425.326172 -2106.201172 621.620483
v 5075.041016 -2106.201172 611.452759
v 5724.755859 -2106.201172 532.789490
v 6374.470703 -2106.201172 79.159920
v 7024.185547 -2106.201172 412.951630
v 7673.900391 -2106.201172 0.000000
v 8323.615234 -2106.201172 0.000000
v -7269.539062 -2660.371094 0.000000
v -6619.825195 -2660.369141 0.000000
v -5970.109375 -2660.369141 0.000000
v -5320.394531 -2660.369141 0.000000
v -4670.679688 -2660.369141 0.000000
v -4020.966797 -2660.369141 20.899311
v -3371.251953 -2660.369141 440.239075
v -2721.537109 -2660.371094 733.553345
v -2071.820312 -2660.369141 497.498138
v -1422.107422 -2660.371094 416.852142
v -772.392578 -2660.369141 409.086731
v -122.675781 -2660.371094 772.323547
v 527.037109 -2660.369141 802.148987
v 1176.751953 -2660.369141 634.004883
v 1826.466797 -2660.371094 531.341980
v 2476.181641 -2660.371094 520.347595
v 3125.898438 -2660.369141 509.132324
v 3775.613281 -2660.369141 526.509705
v 4425.326172 -2660.371094 515.857605
v 5075.041016 -2660.371094 260.263458
v 5724.755859 -2660.369141 0.000000
v 6374.470703 -2660.371094 0.000000
v 7024.185547 -2660.371094 0.000000
v 7673.900391 -2660.371094 0.000000
v -7919.255859 -3214.539062 0.000000
v -7269.540039 -3214.537109 0.000000
v -6619.822266 -3214.539062 142.316910
v -5970.110352 -3214.537109 0.000000
v -5320.393555 -3214.539062 382.908966
v -4670.680664 -3214.539062 459.443512
v -4020.966797 -3214.539062 419.615082
v -3371.250000 -3214.537109 512.937256
v -2721.535156 -3214.537109 755.106506
v -2071.820312 -3214.539062 557.505310
v -1422.103516 -3214.537109 621.840454
v -772.390625 -3214.539062 625.344177
v -122.677734 -3214.539062 572.512756
v 527.039062 -3214.539062 387.846588
v 1176.751953 -3214.539062 417.625916
v 1826.466797 -3214.539062 252.153137
v 2476.181641 -3214.537109 271.042938
v 3125.896484 -3214.539062 237.727631
v 3775.613281 -3214.539062 277.845947
v 4425.326172 -3214.539062 0.000000
v 5075.041016 -3214.539062 0.000000
v 5724.755859 -3214.537109 0.000000
v -9868.398438 -3768.707031 0.000000
v -9218.683594 -3768.705078 0.000000
v -8568.968750 -3768.707031 0.000000
v -7919.253906 -3768.707031 0.000000
v -7269.539062 -3768.707031 261.022491
v -6619.822266 -3768.707031 119.526840
v -5970.109375 -3768.705078 0.000000
v -5320.396484 -3768.707031 272.886292
v -4670.679688 -3768.707031 721.842224
v -4020.966797 -3768.705078 668.278625
v -3371.251953 -3768.707031 608.136902
v -2721.537109 -3768.707031 875.417358
v -2071.820312 -3768.707031 589.632324
v -1422.107422 -3768.707031 801.770386
v -772.392578 -3768.707031 637.494446
v -122.677734 -3768.707031 295.784363
v 527.037109 -3768.707031 172.353485
v 1176.753906 -3768.707031 2.625091
v 1826.466797 -3768.707031 51.305996
v 2476.181641 -3768.707031 0.000000
v 3125.896484 -3768.707031 0.000000
v 3775.613281 -3768.707031 0.000000
v 4425.326172 -3768.707031 0.000000
v -12467.256836 -4322.875000 0.000000
v -11817.542969 -4322.875000 0.000000
v -11167.828125 -4322.875000 0.000000
v -10518.112305 -4322.875000 0.000000
v -9868.397461 -4322.875000 0.000000
v -9218.683594 -4322.875000 0.121527
v -8568.968750 -4322.875000 285.842590
v -7919.255859 -4322.875000 347.698364
v -7269.539062 -4322.875000 781.295959
v -6619.824219 -4322.875000 249.213486
v -5970.109375 -4322.875000 47.047798
v -5320.395508 -4322.875000 42.669701
v -4670.679688 -4322.875000 342.696472
v -4020.964844 -4322.875000 437.651825
v -3371.250000 -4322.875000 706.746399
v -2721.535156 -4322.875000 722.335815
v -2071.820312 -4322.875000 680.843079
v -1422.107422 -4322.875000 650.117493
v -772.392578 -4322.875000 731.345276
v -122.677734 -4322.875000 139.892410
v 527.039062 -4322.875000 0.000000
v 1176.751953 -4322.875000 0.000000
v 1826.468750 -4322.875000 0.000000
v 2476.181641 -4322.875000 0.000000
v -13766.685547 -4877.042969 0.000000
v -13116.974609 -4877.042969 0.000000
v -12467.258789 -4877.042969 0.000000
v -11817.542969 -4877.042969 741.806335
v -11167.828125 -4877.044922 213.899414
v -10518.114258 -4877.042969 324.497894
v -9868.398438 -4877.042969 383.285736
v -9218.684570 -4877.044922 530.418152
v -8568.968750 -4877.042969 608.994812
v -7919.253906 -4877.042969 1030.149170
v -7269.540039 -4877.042969 632.971069
v -6619.824219 -4877.042969 220.029602
v -5970.111328 -4877.042969 244.648285
v -5320.392578 -4877.042969 12.118409
v -4670.679688 -4877.042969 263.448792
v -4020.966797 -4877.042969 301.897552
v -3371.250000 -4877.042969 512.441040
v -2721.535156 -4877.044922 532.640686
v -2071.822266 -4877.042969 720.464111
v -1422.107422 -4877.042969 604.853088
v -772.392578 -4877.042969 56.304287
v -122.677734 -4877.044922 0.000000
v 527.037109 -4877.042969 0.000000
v -13766.686523 -5431.212891 0.000000
v -13116.972656 -5431.210938 361.558014
v -12467.256836 -5431.210938 540.521301
v -11817.542969 -5431.212891 762.180481
v -11167.827148 -5431.210938 610.385193
v -10518.113281 -5431.210938 763.761719
v -9868.399414 -5431.210938 731.604248
v -9218.683594 -5431.210938 741.762329
v -8568.968750 -5431.210938 1039.860229
v -7919.253906 -5431.210938 984.974426
v -7269.539062 -5431.210938 577.319336
v -6619.824219 -5431.212891 471.062225
v -5970.109375 -5431.212891 468.874115
v -5320.395508 -5431.210938 70.063065
v -4670.679688 -5431.210938 54.163750
v -4020.964844 -5431.210938 145.008301
v -3371.250000 -5431.212891 329.892548
v -2721.537109 -5431.212891 508.983643
v -2071.822266 -5431.210938 168.140076
v -1422.107422 -5431.212891 13.680885
v -772.392578 -5431.212891 0.000000
v -122.675781 -5431.210938 0.000000
v -14416.401367 -5985.378906 0.000000
v -13766.688477 -5985.380859 0.000000
v -13116.972656 -5985.380859 121.482941
v -12467.256836 -5985.378906 876.169373
v -11817.541016 -5985.378906 1261.693481
v -11167.827148 -5985.378906 958.774597
v -10518.112305 -5985.380859 954.315491
v -9868.399414 -5985.378906 1302.215088
v -9218.684570 -5985.378906 1212.537842
v -8568.968750 -5985.380859 922.515198
v -7919.253906 -5985.380859 766.498718
v -7269.539062 -5985.380859 792.825378
v -6619.824219 -5985.380859 777.433899
v -5970.109375 -5985.380859 363.532104
v -5320.395508 -5985.382812 272.932159
v -4670.679688 -5985.380859 0.000000
v -4020.966797 -5985.380859 0.000000
v -3371.250000 -5985.380859 27.744648
v -2721.535156 -5985.380859 141.374176
v -2071.822266 -5985.380859 0.000000
v -1422.105469 -5985.382812 0.000000
v -772.392578 -5985.378906 0.000000
v -15066.117188 -6539.548828 0.000000
v -14416.402344 -6539.548828 0.000000
v -13766.686523 -6539.548828 202.779572
v -13116.972656 -6539.550781 466.450684
v -12467.257812 -6539.548828 552.349121
v -11817.542969 -6539.548828 969.298523
v -11167.829102 -6539.548828 1300.790894
v -10518.113281 -6539.548828 1236.949097
v -9868.398438 -6539.548828 1106.982666
v -9218.683594 -6539.546875 749.938171
v -8568.966797 -6539.548828 647.320068
v -7919.253906 -6539.550781 815.867432
v -7269.541016 -6539.548828 458.314423
v -6619.824219 -6539.548828 254.281738
v -5970.109375 -6539.548828 255.542007
v -5320.396484 -6539.550781 87.078545
v -4670.681641 -6539.550781 0.000000
v -3371.251953 -6539.548828 0.000000
v -2721.535156 -6539.548828 0.000000
v -2071.822266 -6539.550781 0.000000
v -15066.116211 -7093.716797 0.000000
v -14416.402344 -7093.716797 42.058216
v -13766.685547 -7093.716797 580.543579
v -13116.972656 -7093.716797 785.388550
v -12467.257812 -7093.716797 929.964783
v -11817.543945 -7093.718750 836.422302
v -11167.828125 -7093.718750 1166.303589
v -10518.111328 -7093.718750 959.378540
v -9868.400391 -7093.718750 709.079956
v -9218.683594 -7093.716797 507.203796
v -8568.969727 -7093.718750 419.740906
v -7919.254883 -7093.716797 392.442383
v -7269.538086 -7093.718750 375.287872
v -6619.824219 -7093.716797 300.957062
v -5970.109375 -7093.716797 201.157135
v -5320.396484 -7093.716797 0.000000
v -4670.679688 -7093.718750 0.000000
v -15715.830078 -7647.884766 0.000000
v -15066.119141 -7647.886719 0.000000
v -14416.401367 -7647.886719 462.977295
v -13766.687500 -7647.886719 895.393799
v -13116.971680 -7647.886719 1057.911133
v -12467.257812 -7647.886719 1211.244263
v -11817.542969 -7647.886719 1090.938843
v -11167.828125 -7647.884766 1063.286133
v -10518.113281 -7647.886719 823.042908
v -9868.399414 -7647.886719 807.277710
v -9218.685547 -7647.886719 412.550598
v -8568.966797 -7647.886719 277.654877
v -7919.254883 -7647.886719 176.248428
v -7269.539062 -7647.886719 141.786102
v -6619.824219 -7647.886719 0.000000
v -5970.111328 -7647.886719 0.000000
v -5320.394531 -7647.886719 0.000000
v -15715.833984 -8202.054688 0.000000
v -15066.116211 -8202.054688 102.881424
v -14416.401367 -8202.054688 1016.639038
v -13766.686523 -8202.054688 1092.830566
v -13116.972656 -8202.054688 1155.058838
v -12467.256836 -8202.054688 1027.171143
v -11817.542969 -8202.054688 1063.914795
v -11167.828125 -8202.054688 664.074158
v -10518.113281 -8202.054688 637.642578
v -9868.400391 -8202.054688 494.835388
v -9218.683594 -8202.054688 436.756256
v -8568.967773 -8202.054688 272.763245
v -7919.253906 -8202.054688 72.199181
v -7269.540039 -8202.054688 0.000000
v -6619.823242 -8202.054688 0.000000
v -17015.261719 -8756.222656 0.000000
v -16365.545898 -8756.222656 0.000000
v -15715.831055 -8756.222656 0.000000
v -15066.118164 -8756.222656 512.337097
v -14416.402344 -8756.222656 916.249023
v -13766.687500 -8756.222656 713.308167
v -13116.974609 -8756.222656 1034.204224
v -12467.256836 -8756.222656 789.312073
v -11817.541016 -8756.222656 793.238831
v -11167.829102 -8756.222656 423.563568
v -10518.112305 -8756.222656 346.332001
v -9868.398438 -8756.222656 209.658630
v -9218.683594 -8756.222656 261.173859
v -8568.967773 -8756.222656 177.821289
v -7919.253906 -8756.222656 4.130826
v -7269.538086 -8756.222656 0.000000
v -17015.261719 -9310.390625 0.000000
v -16365.546875 -9310.392578 66.202675
v -15715.833008 -9310.392578 225.667160
v -15066.118164 -9310.394531 333.065704
v -14416.402344 -9310.390625 478.482178
v -13766.687500 -9310.392578 440.013275
v -13116.972656 -9310.392578 545.775818
v -12467.257812 -9310.390625 437.915314
v -11817.541992 -9310.390625 498.947296
v -11167.829102 -9310.392578 181.200912
v -10518.113281 -9310.392578 177.927338
v -9868.396484 -9310.390625 122.542587
v -9218.683594 -9310.390625 67.813194
v -8568.969727 -9310.392578 0.000000
v -7919.253906 -9310.392578 0.000000
v -7269.537109 -9310.390625 0.000000
v -17015.263672 -9864.560547 0.000000
v -16365.547852 -9864.558594 213.304672
v -15715.830078 -9864.558594 223.033142
v -15066.117188 -9864.558594 77.983459
v -14416.401367 -9864.560547 55.946548
v -13766.686523 -9864.560547 67.864265
v -13116.972656 -9864.560547 107.049385
v -12467.256836 -9864.558594 4.925102
v -11817.542969 -9864.558594 0.000000
v -11167.828125 -9864.558594 0.000000
v -10518.112305 -9864.558594 26.645891
v -9868.396484 -9864.558594 225.708328
v -9218.684570 -9864.560547 131.807846
v -8568.967773 -9864.558594 0.000000
v -16365.545898 -10418.730469 0.000000
v -15715.832031 -10418.726562 0.000000
v -15066.116211 -10418.726562 0.000000
v -14416.401367 -10418.726562 0.000000
v -13766.686523 -10418.728516 0.000000
v -13116.972656 -10418.728516 0.000000
v -12467.257812 -10418.728516 0.000000
v -11817.541016 -10418.728516 0.000000
v -10518.113281 -10418.728516 0.000000
v -9868.398438 -10418.730469 0.000000
v -9218.685547 -10418.728516 0.000000
v -8568.967773 -10418.728516 0.000000
vn -0.076329072 0.089489034 0.993058702
vn 0.075428593 0.176866385 0.981340313
vn -0.144944103 0.169933743 0.974737775
vn -0.141953151 0.470157377 0.871092041
vn -0.134040338 0.597068479 0.790912397
vn 0.053823424 0.516418845 0.854642976
vn 0.176118006 0.492462497 0.852328069
vn 0.123313477 0.289150522 0.949308044
vn -0.267336235 0.313428462 0.911204662
vn -0.279483238 0.531187383 0.799830659
vn -0.219499699 0.543845079 0.809970624
vn -0.229838978 0.545320723 0.806101329
vn 0.036956695 0.574470911 0.817690268
vn 0.249216584 0.580894090 0.774889121
vn 0.313898770 0.496383259 0.809364703
vn 0.244538018 0.291740923 0.924709896
vn -0.267232269 0.313306733 0.911277019
vn -0.340412837 0.398897378 0.851469308
vn -0.457278231 0.355716435 0.815084313
vn -0.300615176 0.554867468 0.775727149
vn -0.019842491 0.552070073 0.833561581
vn 0.078028134 0.317476824 0.945050304
vn 0.212969992 0.323417433 0.921978821
vn 0.327474841 0.450820495 0.830374078
vn 0.433742339 0.400704260 0.807033878
vn 0.260927701 0.152957507 0.953163541
vn -0.133451437 0.156460744 0.978626972
vn -0.154976608 0.461074672 0.873723296
vn -0.301478047 0.508338744 0.806661458
vn -0.329803248 0.442716554 0.833805655
vn -0.357852890 0.357161615 0.862772792
vn -0.462039982 0.054645941 0.885173924
vn 0.058134602 0.247606202 0.967115059
vn 0.168470942 0.219164178 0.961033092
vn 0.144182611 0.289338420 0.946305793
vn 0.334645157 0.213542517 0.917830165
vn 0.526272240 0.114647755 0.842551732
vn 0.550258784 0.192166665 0.812580607
vn -0.019290624 0.022616538 0.999558084
vn -0.010960642 0.058024649 0.998254980
vn -0.112120558 0.212860585 0.970628328
vn 0.055617354 0.386119323 0.920770644
vn -0.036815564 0.307240532 0.950919486
vn 0.046287064 0.335198672 0.941009754
vn 0.036459009 0.193416632 0.980439058
vn 0.046613399 0.109300111 0.992915241
vn -0.011552546 0.013544378 0.999841532
vn 0.011549327 0.027081257 0.999566515
vn -0.130738984 0.153280538 0.979495990
vn -0.235142286 0.530565815 0.814375847
vn -0.119277511 0.684193790 0.719480183
vn -0.186829537 0.447659191 0.874468966
vn -0.258200321 0.339280964 0.904555704
vn -0.322630661 0.199325708 0.925299259
vn -0.178894867 0.125666434 0.975809702
vn -0.252981838 -0.091730996 0.963112462
vn -0.150965894 -0.254716740 0.955158982
vn 0.140132534 -0.034043912 0.989547313
vn 0.073839000 0.047207942 0.996152203
vn 0.401799779 0.167964228 0.900191621
vn 0.604114580 0.109789569 0.789298312
vn 0.540010689 -0.113136296 0.834019565
vn -0.025753301 0.030193594 0.999212247
vn -0.170160732 0.256992188 0.951315059
vn -0.017698551 0.451772730 0.891957489
vn -0.041990838 0.335444780 0.941123567
vn -0.144235631 0.351051290 0.925180563
vn -0.050377947 0.440557320 0.896309829
vn 0.067575124 0.429232141 0.900662741
vn 0.011141843 0.324755009 0.945732543
vn 0.106848506 0.330541393 0.937723725
vn 0.027824453 0.307549108 0.951125305
vn 0.087860087 0.465378546 0.880740265
vn -0.070896200 0.407841362 0.910296189
vn 0.076977500 0.297012801 0.951765654
vn -0.110389218 0.321243495 0.940540715
vn -0.104467351 0.712160859 0.694199887
vn -0.178138056 0.733313438 0.656138884
vn -0.299736662 0.607837971 0.735316894
vn -0.216754263 0.648975300 0.729279542
vn 0.047461273 0.667584170 0.743020056
vn 0.070829211 0.443681973 0.893380954
vn -0.059706584 -0.028821431 0.997799804
vn -0.168026035 -0.359805006 0.917773180
vn -0.188014048 -0.302717675 0.934351501
vn -0.079854519 -0.279186261 0.956910804
vn -0.060417799 -0.316444431 0.946685065
vn 0.116892457 -0.167430933 0.978929536
vn 0.242252774 -0.330222052 0.912286682
vn 0.576494621 -0.065818437 0.814445753
vn 0.650931197 0.149572429 0.744255780
vn -0.052851415 0.061963387 0.996678116
vn -0.117403169 0.184414831 0.975811286
vn -0.229740553 0.211466504 0.950000630
vn -0.194514232 0.346460756 0.917675955
vn -0.052797539 0.468998453 0.881619459
vn -0.100984969 0.454397694 0.885056366
vn -0.132029761 0.403531658 0.905389609
vn 0.136818712 0.497000117 0.856896449
vn 0.113849139 0.423480353 0.898722852
vn 0.074986558 0.363676827 0.928502117
vn -0.046954418 0.429174474 0.902000307
vn 0.061069970 0.500918607 0.863337135
vn -0.094931424 0.480550794 0.871813603
vn 0.127332169 0.572049457 0.810275223
vn 0.064961836 0.344059273 0.936698018
vn -0.424269191 0.171508621 0.889145908
vn -0.313271131 0.494223379 0.810928141
vn -0.233060284 0.547801555 0.803490112
vn -0.152331670 0.421541847 0.893922555
vn 0.122906052 0.358892721 0.925251380
vn 0.312793768 0.339298779 0.887150719
vn 0.278041681 0.132963002 0.951322061
vn 0.112853305 -0.198885907 0.973503224
vn -0.246989364 -0.414423771 0.875927618
vn -0.087149346 -0.363857780 0.927368593
vn -0.091650027 -0.355328283 0.930237649
vn 0.101559716 -0.343247758 0.933737972
vn 0.361765596 -0.357886994 0.860838285
vn 0.365945223 -0.340155689 0.866243731
vn 0.530387816 -0.194978790 0.825028506
vn -0.010765062 0.012621120 0.999862401
vn -0.114927436 0.061053704 0.991495905
vn -0.247670796 0.172371150 0.953387310
vn -0.249696329 0.375891954 0.892388358
vn -0.252002282 0.362708749 0.897182932
vn -0.092298285 0.399196463 0.912207877
vn -0.056767733 0.411312620 0.909724878
vn -0.121219866 0.354753266 0.927068425
vn 0.044495430 0.366425186 0.929382989
vn 0.156116532 0.420632579 0.893697858
vn 0.047909442 0.467964692 0.882447580
vn -0.075310853 0.485566697 0.870949630
vn -0.012125573 0.526599300 0.850027145
vn -0.001784536 0.514043979 0.857761973
vn -0.051446724 0.469133405 0.881627519
vn 0.324371801 0.607081968 0.725420167
vn -0.102349923 0.185110273 0.977373358
vn -0.434539450 -0.405115248 0.804398597
vn -0.239395984 -0.380451915 0.893278178
vn -0.140280757 -0.320885287 0.936671736
vn -0.033205060 -0.106069103 0.993804191
vn 0.313195478 0.153611848 0.937183009
vn 0.441183903 0.127722891 0.888281277
vn 0.315554492 -0.034850111 0.948267279
vn -0.080958192 -0.287575274 0.954330254
vn -0.188280877 -0.423427435 0.886148700
vn -0.093757545 -0.282166921 0.954772932
vn 0.114437486 -0.213771241 0.970157677
vn 0.393819445 -0.267599635 0.879372890
vn 0.230085465 -0.253703738 0.939518543
vn 0.286646690 -0.078957398 0.954777149
vn -0.085915253 0.075648202 0.993426353
vn -0.180993395 0.180067456 0.966859402
vn -0.336639558 0.314325094 0.887622410
vn -0.332641411 0.329522597 0.883608822
vn -0.252914826 0.320497680 0.912861067
vn -0.144039867 0.388969190 0.909920593
vn -0.014160036 0.397955349 0.917295500
vn -0.065283108 0.292236866 0.954115155
vn 0.015019916 0.274437270 0.961487695
vn 0.139909368 0.306717392 0.941461529
vn 0.017826701 0.273223091 0.961785502
vn -0.098033466 0.284811102 0.953557589
vn -0.113835377 0.294268629 0.948919112
vn 0.086936602 0.440615900 0.893476164
vn -0.065168066 0.308600125 0.948956841
vn 0.137800314 0.402853922 0.904831361
vn 0.394663147 0.560283635 0.728232963
vn 0.069933064 0.076024953 0.994650478
vn -0.345588394 -0.389658237 0.853659839
vn -0.306439171 -0.179975418 0.934721286
vn -0.212021118 -0.060206419 0.975408751
vn 0.156052440 0.012347235 0.987671596
vn 0.417695621 0.178741603 0.890832087
vn 0.444735499 0.211593323 0.870309486
vn 0.187837982 -0.012080446 0.982125733
vn -0.136398648 -0.289446970 0.947425913
vn -0.189121699 -0.352782075 0.916393906
vn -0.040804472 -0.312926045 0.948900567
vn 0.452920997 -0.037577070 0.890758404
vn 0.207308934 -0.072504304 0.975585020
vn 0.090276684 -0.080732642 0.992639089
vn -0.013076132 0.015330700 0.999796972
vn -0.247547323 0.129622683 0.960165758
vn -0.323791920 0.278761287 0.904129934
vn -0.394963476 0.379187791 0.836791773
vn -0.266948489 0.421433472 0.866678910
vn -0.143357422 0.294032465 0.944983364
vn -0.167369595 0.042393599 0.984982336
vn 0.006438046 -0.024727701 0.999673493
vn 0.065875771 -0.048882284 0.996629773
vn -0.005135534 -0.172371760 0.985018580
vn 0.063568998 -0.074486526 0.995193820
vn 0.085179069 0.069928648 0.993908703
vn -0.070290778 -0.016011905 0.997398028
vn -0.125310988 -0.082028765 0.988720607
vn -0.031671419 -0.099047276 0.994578583
vn -0.030115548 0.038957640 0.998786942
vn 0.004611737 0.188945339 0.981976777
vn 0.213188582 0.369066762 0.904621663
vn 0.403159551 0.558706602 0.724782250
vn -0.129816889 0.259160018 0.957070353
vn -0.464046213 -0.056601809 0.884000762
vn -0.210299724 0.099194238 0.972591656
vn 0.167639197 0.077401419 0.982805230
vn 0.335639622 0.013786188 0.941889582
vn 0.457306041 0.090416995 0.884701052
vn 0.364614280 0.068128719 0.928662966
vn 0.051416636 -0.121829995 0.991218332
vn -0.140853255 -0.208956305 0.967728073
vn -0.017464738 -0.328365256 0.944389349
vn 0.210622619 -0.307746363 0.927863292
vn 0.291603069 -0.059691979 0.954675085
vn 0.010786146 -0.012645817 0.999861862
vn -0.168577531 0.167855734 0.971290929
vn -0.276639517 0.239061516 0.930763219
vn -0.410972955 0.304028976 0.859457743
vn -0.373169734 0.220338224 0.901218850
vn -0.318098159 0.033398988 0.947469297
vn 0.044876179 0.082595363 0.995572265
vn 0.074244693 -0.130119872 0.988714592
vn 0.063828680 -0.287822048 0.955554482
vn 0.043238991 -0.267377915 0.962621130
vn 0.023178560 -0.172163163 0.984795715
vn -0.048638643 -0.144343727 0.988331509
vn -0.008043986 -0.078637691 0.996870808
vn -0.001596763 -0.073583625 0.997287772
vn -0.062028970 -0.169619679 0.983555576
vn -0.019523491 -0.198071633 0.979993093
vn -0.162388400 -0.179867962 0.970194580
vn -0.153690533 -0.030265967 0.987655401
vn -0.048518775 0.120836919 0.991485939
vn 0.242832385 0.447991186 0.860427992
vn 0.294233923 0.569379628 0.767615293
vn -0.255864744 0.216307235 0.942201896
vn -0.280244100 -0.052744135 0.958478639
vn 0.139436587 -0.029312474 0.989797059
vn 0.409500554 0.001115496 0.912309186
vn 0.359369164 -0.044351136 0.932140966
vn 0.415102954 0.125162799 0.901123638
vn 0.202274572 0.024019993 0.979034237
vn -0.086813856 -0.221148376 0.971368493
vn -0.000828945 -0.217903151 0.975970046
vn 0.224700467 -0.193217035 0.955079514
vn 0.172435953 -0.202166500 0.964051113
vn -0.027260249 0.031960381 0.999117317
vn -0.379449420 0.110642834 0.918572970
vn -0.368053247 0.298135000 0.880711263
vn -0.366802146 0.280921786 0.886870417
vn -0.194068801 0.144760345 0.970248289
vn -0.095475821 -0.133916722 0.986382623
vn 0.012561873 -0.348531781 0.937212781
vn 0.117280543 -0.261717668 0.957992242
vn 0.058581517 -0.142420427 0.988071165
vn 0.032638827 -0.178468719 0.983404100
vn -0.061270287 -0.287504569 0.955817490
vn -0.060349997 -0.251009657 0.966101460
vn -0.042042348 -0.240425143 0.969756769
vn 0.068950377 -0.183155347 0.980663023
vn 0.016983706 -0.222035822 0.974890582
vn -0.064848597 -0.257826785 0.964012452
vn -0.189012253 -0.177087820 0.965874874
vn -0.234484903 -0.177318008 0.955811254
vn -0.133452939 -0.103441687 0.985641989
vn -0.011350088 -0.020900337 0.999717136
vn 0.244195979 0.180955094 0.952692803
vn 0.043044513 0.289895062 0.956089966
vn -0.169340325 0.143845110 0.975003815
vn 0.164451312 0.071089547 0.983820127
vn 0.405760506 0.076690347 0.910756281
vn 0.373331192 -0.009143113 0.927653074
vn 0.267601162 0.001550448 0.963528523
vn 0.324677784 0.135902800 0.936010024
vn 0.146425491 0.024455664 0.988919358
vn -0.097043023 -0.257607327 0.961364196
vn 0.208926643 -0.244947868 0.946757730
vn -0.153991984 0.117779426 0.981027255
vn -0.317773334 0.148357175 0.936488258
vn -0.460310922 0.125928424 0.878780910
vn -0.226556905 0.039340435 0.973203113
vn -0.112962306 -0.204231883 0.972383081
vn 0.083442631 -0.179640555 0.980187022
vn 0.062526320 -0.223087695 0.972791005
vn 0.047928761 -0.234650730 0.970897455
vn -0.063961704 -0.231408291 0.970751824
vn 0.102681575 -0.078396442 0.991620135
vn 0.079389446 -0.086155771 0.993113538
vn -0.024397178 -0.191914304 0.981108392
vn -0.071710620 -0.240488147 0.967999503
vn -0.050645015 -0.147024129 0.987835507
vn -0.002882199 -0.012638564 0.999915976
vn -0.011926212 -0.042856320 0.999010061
vn -0.217762355 -0.171821355 0.960758543
vn -0.237412265 -0.155585585 0.958868365
vn -0.210638407 -0.125016043 0.969537235
vn -0.029884971 -0.088545360 0.995623728
vn 0.100648827 -0.061866033 0.992996681
vn 0.076910634 0.035852678 0.996393165
vn -0.136286412 -0.076795919 0.987688413
vn 0.105670708 0.006897232 0.994377257
vn 0.398889793 0.056316882 0.915267907
vn 0.468451185 0.039077095 0.882624760
vn 0.255422916 -0.060847537 0.964912800
vn 0.273074830 -0.044694899 0.960953955
vn 0.182396054 0.010110535 0.983173157
vn 0.025944574 0.014025208 0.999564992
vn -0.374193050 0.045856141 0.926216376
vn -0.333534000 0.160426523 0.928987837
vn -0.342226094 0.025395078 0.939274396
vn -0.067642455 -0.230127948 0.970806688
vn 0.006304749 -0.317541238 0.948223504
vn 0.017435503 -0.320393102 0.947124207
vn 0.003036667 -0.297434323 0.954737452
vn 0.026375977 -0.120275222 0.992390134
vn -0.004459122 -0.108034539 0.994137141
vn -0.024143169 -0.174835600 0.984301590
vn 0.003831394 -0.072033302 0.997394869
vn -0.060777110 0.080441043 0.994904710
vn -0.057612775 0.170129947 0.983736026
vn -0.099912993 0.116128970 0.988196062
vn -0.101889784 0.138519396 0.985104486
vn 0.095418110 0.255328753 0.962134405
vn -0.055251171 0.070019149 0.996014371
vn -0.252436582 -0.143306139 0.956942591
vn -0.233370062 -0.133323901 0.963204626
vn -0.050537953 -0.087523464 0.994879670
vn 0.048821668 -0.055245668 0.997278477
vn 0.055964801 0.016787099 0.998291608
vn -0.008414426 -0.061526444 0.998069985
vn 0.041241862 -0.193890156 0.980155965
vn 0.363015636 -0.090554192 0.927372410
vn 0.455191104 0.032396132 0.889804220
vn 0.341022699 0.018907136 0.939864905
vn 0.203036288 -0.068680699 0.976759555
vn 0.266074087 -0.025571935 0.963613333
vn 0.018953713 -0.022221539 0.999573389
vn -0.340058770 -0.134335849 0.930759858
vn -0.403074688 -0.120877488 0.907149067
vn -0.122509725 -0.124520231 0.984624842
vn 0.012595531 -0.289408440 0.957122828
vn 0.021445913 -0.249315314 0.968184872
vn -0.066820734 -0.212727237 0.974824144
vn -0.060365967 -0.000689698 0.998176074
vn -0.056948372 0.079808887 0.995182106
vn -0.049597041 0.061267318 0.996888384
vn -0.038585978 0.174261452 0.983943123
vn 0.013191166 0.192694380 0.981170153
vn -0.100614616 0.040015725 0.994120436
vn -0.129262749 0.011094277 0.991548314
vn -0.073765243 0.132537562 0.988429301
vn -0.090758970 0.120706376 0.988530617
vn -0.040956480 0.120834378 0.991827414
vn 0.113712430 0.263634991 0.957896693
vn -0.055593132 0.057257260 0.996810418
vn -0.223539219 -0.192942627 0.955407431
vn -0.166133212 -0.155941322 0.973695055
vn 0.065467006 -0.026652043 0.997498742
vn 0.054771068 -0.152108197 0.986845087
vn 0.132658609 -0.286030837 0.948993179
vn 0.080677281 -0.400877004 0.912572630
vn 0.263663520 -0.399589621 0.877957677
vn 0.312620592 -0.353671551 0.881580852
vn 0.337328758 -0.143368225 0.930405751
vn 0.246993038 -0.093352107 0.964510147
vn 0.261931311 -0.058725210 0.963298156
vn -0.099467173 -0.022345940 0.994789898
vn -0.281752274 -0.265994819 0.921879826
vn -0.176575569 -0.361957690 0.915318360
vn 0.043323709 -0.242778223 0.969113920
vn -0.089865028 -0.139093665 0.986193302
vn -0.117317143 -0.021055400 0.992871270
vn -0.236889619 -0.013978863 0.971435999
vn -0.113172534 0.109127462 0.987564263
vn 0.014162639 0.125450123 0.991998834
vn -0.099924032 0.045983254 0.993931953
vn -0.046054270 0.145316927 0.988312701
vn 0.017592130 0.296551074 0.954854951
vn 0.003588604 0.170556039 0.985341443
vn -0.144589545 -0.118314581 0.982392754
vn -0.138344767 -0.037981101 0.989655577
vn -0.074593466 0.056435709 0.995615802
vn 0.031737447 0.121005928 0.992144294
vn 0.126716542 0.182947507 0.974922114
vn -0.051264339 0.020360743 0.998477545
vn -0.219589151 -0.172189536 0.960276715
vn 0.100862061 -0.211507332 0.972158163
vn 0.160504211 -0.358417730 0.919660334
vn 0.255720303 -0.341425290 0.904453370
vn 0.175384971 -0.471151148 0.864440112
vn 0.209943658 -0.498585465 0.841032814
vn 0.284060418 -0.398633241 0.872009873
vn 0.150182940 -0.381879927 0.911928071
vn 0.171861012 -0.289583561 0.941597129
vn 0.108411415 -0.127103394 0.985947104
vn -0.061511813 -0.036058686 0.997454795
vn -0.108563173 0.026630520 0.993732787
vn -0.193495439 -0.077446084 0.978039682
vn -0.094523684 0.011212586 0.995459467
vn -0.138468126 0.068819425 0.987972907
vn -0.197312028 0.007069387 0.980315249
vn -0.167760885 0.071570127 0.983226323
vn -0.170009736 -0.023394316 0.985164654
vn -0.026689088 0.145872125 0.988943383
vn -0.011708336 0.200572365 0.979608923
vn -0.145375540 0.026362707 0.989025258
vn -0.188647704 0.171304929 0.966988451
vn 0.097636781 0.408290137 0.907615680
vn 0.173714194 0.244831233 0.953876851
vn -0.192910021 -0.130085911 0.972555078
vn -0.123164152 -0.082047635 0.988988765
vn -0.094968746 -0.002566274 0.995476947
vn 0.098571823 0.155663408 0.982879697
vn 0.074987489 0.162803815 0.983804754
vn -0.033665711 -0.014912964 0.999321882
vn 0.198720457 -0.227612956 0.953258896
vn 0.300258597 -0.364034255 0.881659706
vn 0.132310047 -0.460005710 0.878002733
vn 0.263009512 -0.302205640 0.916241097
vn 0.194317637 -0.322329149 0.926468875
vn 0.169272492 -0.244067831 0.954870524
vn 0.120116013 -0.125082376 0.984848487
vn 0.056542362 -0.066290997 0.996197001
vn -0.001691387 0.001983004 0.999996603
vn -0.225386174 -0.068927666 0.971828200
vn -0.182103393 0.039142506 0.982499984
vn -0.198637488 0.055300794 0.978511610
vn -0.072535672 0.120866818 0.990015045
vn -0.109558884 0.035679190 0.993339744
vn -0.156427892 -0.064169934 0.985602625
vn -0.207598880 -0.063633846 0.976142120
vn -0.285425490 0.118724021 0.951018873
vn -0.008726857 0.413605645 0.910414308
vn 0.024136089 0.377983553 0.925497641
vn -0.339442826 0.271741823 0.900519267
vn 0.021762200 0.398716162 0.916816137
vn 0.360521468 0.308100059 0.880396857
vn 0.041956410 0.100875890 0.994013941
vn -0.219352359 0.003360181 0.975639919
vn -0.074952313 0.042387488 0.996285828
vn -0.038032367 -0.033554569 0.998712987
vn 0.153110087 0.015511768 0.988087388
vn 0.062413433 -0.032145399 0.997532574
vn 0.320437786 -0.008222417 0.947233877
vn 0.396769719 -0.056333466 0.916187934
vn 0.253352317 -0.174624502 0.951482468
vn 0.129584883 -0.322051747 0.937811511
vn 0.166262450 -0.171083196 0.971126839
vn 0.109590769 -0.104460185 0.988472525
vn 0.065511661 -0.076806855 0.994891416
vn -0.003382764 -0.001983006 0.999992312
vn -0.121741478 0.001245511 0.992561062
vn -0.225971755 -0.051470426 0.972773129
vn -0.110781702 -0.104230755 0.988363984
vn -0.155588262 -0.222551663 0.962425608
vn -0.045468283 -0.145003954 0.988385800
vn -0.169947253 -0.131310834 0.976665447
vn -0.191146958 -0.113139463 0.975019129
vn -0.340359397 -0.245565075 0.907663635
vn -0.256251034 -0.281265846 0.924783721
vn -0.007615384 0.052850892 0.998573377
vn -0.316499965 0.150618949 0.936558436
vn -0.047136919 0.170657827 0.984202224
vn 0.460289750 0.205061414 0.863761057
vn 0.241081319 0.124187451 0.962526506
vn -0.198134461 -0.127407933 0.971859020
vn -0.113947759 -0.111462401 0.987214283
vn 0.048196828 -0.055824284 0.997276649
vn 0.277464666 -0.216125887 0.936110549
vn -0.044856779 -0.420035031 0.906398611
vn 0.111680110 -0.024530420 0.993441398
vn 0.435100482 0.249313457 0.865176497
vn 0.400011562 0.071302458 0.913732296
vn 0.195806088 -0.099531740 0.975578499
vn 0.076478636 -0.153427272 0.985195966
vn 0.079075468 -0.092708939 0.992548298
vn -0.164417640 -0.098328967 0.981477587
vn -0.195808457 -0.170509780 0.965704646
vn -0.081879469 -0.136450040 0.987257383
vn -0.085363276 -0.112031075 0.990031388
vn -0.126577485 -0.075499513 0.989079352
vn -0.120348287 -0.098609809 0.987822046
vn -0.201421321 -0.197353351 0.959417066
vn -0.119345173 -0.210839546 0.970207924
vn -0.227761785 -0.425554821 0.875801156
vn -0.239288157 -0.417413541 0.876645375
vn -0.333721473 -0.276944260 0.901072614
vn -0.195529145 -0.223137186 0.954975471
vn 0.376642045 0.105849605 0.920291601
vn 0.274423849 0.289743271 0.916918965
vn 0.061728101 0.233296580 0.970444407
vn -0.097402387 -0.116620238 0.988388838
vn 0.073221266 -0.295919507 0.952402379
vn 0.344692138 -0.291292157 0.892376719
vn 0.126537007 -0.388045252 0.912912519
vn -0.265589773 -0.508935602 0.818808052
vn 0.271684141 -0.199392031 0.941504405
vn 0.509111946 0.049685906 0.859264998
vn 0.410604215 -0.004435306 0.911802888
vn 0.042773773 -0.050148613 0.997825396
vn -0.060137715 0.070506024 0.995696920
vn -0.054105704 -0.061686454 0.996627992
vn -0.139473644 -0.224761934 0.964380203
vn -0.197746903 -0.124739840 0.972283978
vn -0.171941380 -0.007895372 0.985075543
vn -0.048668690 0.008034322 0.998782663
vn -0.062661993 -0.114193006 0.991480424
vn -0.175422133 -0.195257893 0.964935972
vn -0.127591121 -0.076892368 0.988841782
vn -0.251327474 -0.171282235 0.952626315
vn -0.332904922 -0.282183878 0.899748060
vn -0.281429908 -0.349504400 0.893668776
vn 0.010079514 -0.115557270 0.993249677
vn 0.119344824 0.313141491 0.942177913
vn 0.145597786 0.446942310 0.882634611
vn 0.282282723 0.225567195 0.932435470
vn 0.268695645 -0.200105431 0.942210415
vn 0.331158313 -0.366283954 0.869580495
vn 0.205930043 -0.321420662 0.924273539
vn -0.128184770 -0.429831120 0.893763880
vn 0.028966452 -0.556040699 0.830650158
vn 0.288568912 -0.370833435 0.882729033
vn 0.441901513 -0.096785918 0.891827079
vn -0.175429077 0.066568252 0.982238925
vn 0.021783726 0.120441890 0.992481345
vn -0.083810374 0.088429645 0.992550260
vn -0.196430143 0.019101534 0.980331745
vn -0.228919287 -0.043122449 0.972489802
vn -0.054225916 0.041891142 0.997649579
vn -0.005648749 0.108102338 0.994123723
vn -0.129712435 0.010897749 0.991491767
vn -0.179493116 -0.137524331 0.974099214
vn -0.162658836 -0.137410242 0.977067310
vn -0.234742319 -0.213845864 0.948243634
vn -0.279811776 -0.262593813 0.923444562
vn -0.188038089 -0.262873930 0.946329210
vn -0.133635234 -0.202385121 0.970145292
vn 0.052483833 -0.030511020 0.998155561
vn 0.496426578 0.114232522 0.860529827
vn 0.457580507 -0.038662471 0.888327244
vn 0.369543561 -0.039709813 0.928364523
vn 0.242690787 -0.058875800 0.968315456
vn -0.001109670 -0.256935189 0.966427999
vn 0.053092931 -0.293049906 0.954621859
vn 0.141527706 -0.335069261 0.931503354
vn 0.192409074 -0.225582608 0.955034677
vn -0.328386020 0.059850145 0.942645523
vn 0.005813677 0.143981667 0.989563278
vn -0.084655491 0.071928330 0.993810728
vn -0.091121550 0.111311952 0.989599168
vn -0.212613637 -0.075101470 0.974245970
vn -0.170090432 -0.004757313 0.985416974
vn -0.064130761 0.103080485 0.992603475
vn -0.021732393 0.168932389 0.985388021
vn -0.047063904 0.154286898 0.986904525
vn -0.170081052 0.090803477 0.981237568
vn -0.179751766 0.138266746 0.973946410
vn -0.243309510 -0.045094554 0.968899873
vn -0.184546742 -0.162307231 0.969329079
vn -0.103278118 -0.171778510 0.979706984
vn -0.021532142 -0.234956228 0.971767430
vn 0.343687848 -0.097918138 0.933965043
vn 0.450779175 0.147760881 0.880320883
vn 0.252606258 0.251729004 0.934249745
vn 0.335085575 0.314252427 0.888235931
vn 0.202275218 0.096917063 0.974521328
vn 0.044087610 -0.148671866 0.987903315
vn 0.097112144 -0.113855334 0.988739700
vn -0.018095790 0.021215775 0.999611141
vn -0.330218901 0.038459899 0.943120519
vn -0.056575170 0.113080800 0.991973781
vn 0.035911113 0.087426725 0.995523460
vn -0.170708671 0.017321255 0.985169287
vn -0.030670556 0.103166708 0.994191102
vn -0.265582254 -0.079427276 0.960810790
vn -0.110564103 0.024265051 0.993572738
vn -0.084442734 0.064730113 0.994323608
vn -0.108672876 0.091204588 0.989884806
vn -0.249837226 0.194949641 0.948459803
vn -0.220201308 0.335587349 0.915910757
vn 0.002615474 0.389580617 0.920988655
vn -0.054259373 0.148957382 0.987353847
vn -0.091581368 -0.011738395 0.995728408
vn -0.056912143 -0.008488953 0.998343100
vn 0.153987575 0.135547981 0.978731103
vn 0.334377642 0.336560621 0.880294577
vn 0.278038577 0.302309712 0.911758404
vn 0.284102001 0.244587945 0.927072160
vn 0.416026681 0.277707067 0.865910264
vn 0.237597878 0.091213124 0.967071566
vn -0.083220320 0.055333088 0.994993783
vn -0.284272684 0.141576255 0.948232675
vn -0.089780084 0.239124265 0.966829417
vn 0.143300322 0.178143310 0.973514242
vn -0.215271870 0.032437466 0.976015283
vn -0.076399361 0.172234473 0.982088807
vn -0.146943369 0.179338921 0.972751355
vn -0.184377411 0.089032250 0.978814706
vn -0.164199648 0.191622579 0.967635914
vn -0.045513994 0.307340067 0.950510684
vn -0.220194423 0.086075873 0.971650843
vn -0.373942834 -0.006992356 0.927425395
vn -0.045476020 0.180785410 0.982470644
vn 0.087062639 0.213532006 0.973048909
vn -0.031502277 0.182499565 0.982701132
vn 0.020826237 0.089800850 0.995741972
vn -0.010495711 -0.063768566 0.997909520
vn 0.224477182 0.115376389 0.967625074
vn 0.354339861 0.237283702 0.904510756
vn 0.381655145 0.127002243 0.915537973
vn 0.393946109 0.003168786 0.919128077
vn 0.487316039 0.120313398 0.864897546
vn -0.153108646 -0.027230434 0.987834119
vn -0.432965366 0.054698574 0.899749442
vn -0.152550687 0.288257351 0.945323219
vn 0.256332097 0.294102928 0.920759102
vn -0.113240814 0.121911315 0.986059912
vn -0.261225169 0.164137527 0.951220418
vn -0.125530509 0.363244094 0.923198689
vn -0.050327272 0.300554363 0.952435951
vn -0.291271071 0.053215693 0.955159282
vn -0.128820889 0.247465958 0.960294631
vn 0.002724364 0.319351276 0.947632492
vn -0.275853068 0.050482834 0.959873204
vn -0.189277923 -0.058792319 0.980161890
vn 0.107570815 0.057168944 0.992552382
vn -0.015439006 -0.018528169 0.999709130
vn 0.116445833 -0.058810000 0.991454362
vn 0.094859564 -0.165230005 0.981682591
vn 0.185563048 -0.265283046 0.946145476
vn 0.218139265 -0.337971976 0.915527282
vn 0.410628954 -0.061978933 0.909693616
vn 0.447013180 -0.006832968 0.894501273
vn 0.436502399 -0.101561312 0.893952435
vn -0.187573903 0.096172341 0.977531029
vn -0.446901366 0.043719495 0.893514283
vn -0.294390362 -0.025083001 0.955356037
vn 0.251678941 0.092568957 0.963373603
vn 0.077110814 0.109067206 0.991038984
vn -0.341730730 -0.173722691 0.923601935
vn -0.302183034 -0.089927979 0.948998616
vn 0.008153371 0.159718145 0.987128987
vn -0.032900604 0.132126753 0.990686667
vn -0.300855289 -0.115102132 0.946698259
vn -0.006867116 -0.006574014 0.999954812
vn -0.077286414 -0.021710649 0.996772521
vn -0.133681227 -0.220819307 0.966109809
vn 0.042715732 -0.264841648 0.963345352
vn 0.060059583 -0.200844228 0.977780365
vn 0.214458115 -0.290144029 0.932643640
vn 0.125533987 -0.426893668 0.895546210
vn 0.253491429 -0.400279013 0.880635456
vn 0.280259853 -0.502938142 0.817623165
vn 0.115802283 -0.547384190 0.828830731
vn 0.325793412 -0.239418939 0.914624089
vn 0.397558047 0.022594808 0.917298792
vn -0.471024410 0.188840296 0.861670092
vn -0.355684473 0.327985780 0.875165061
vn -0.160175097 0.125200038 0.979116382
vn 0.166840578 -0.074547460 0.983161685
vn 0.048710112 0.097219164 0.994070299
vn -0.104049189 0.184600829 0.977290284
vn -0.293848393 -0.078346108 0.952635822
vn -0.211074289 -0.208085522 0.955064427
vn 0.002357198 -0.029700897 0.999556052
vn -0.158504890 -0.171863720 0.972285483
vn -0.052412981 -0.281373171 0.958165966
vn -0.013913801 -0.283919906 0.958747043
vn 0.018275383 -0.356241022 0.934215363
vn 0.037937991 -0.450499122 0.891970431
vn 0.028623801 -0.478318325 0.877719920
vn 0.278907379 -0.465177488 0.840131287
vn 0.132521578 -0.497560192 0.857246689
vn 0.253273538 -0.398212265 0.881634565
vn 0.355515016 -0.352446965 0.865673270
vn 0.131858266 -0.484780863 0.864639181
vn 0.057573216 -0.521153354 0.851518941
vn 0.214441831 -0.251415708 0.943824583
vn -0.016078536 0.018850717 0.999693018
vn -0.527402547 -0.044408712 0.848454135
vn -0.487935060 0.082496751 0.868972763
vn 0.032279481 0.177201893 0.983645019
vn 0.278655289 0.099405137 0.955232877
vn -0.076804747 -0.050954479 0.995743276
vn -0.244076613 0.045198790 0.968702058
vn -0.135199099 0.254504723 0.957574305
vn -0.059716840 0.072324729 0.995591800
vn 0.021514307 -0.161262762 0.986676977
vn 0.019709692 -0.280818244 0.959558566
vn -0.012293591 -0.366137312 0.930479627
vn -0.018396080 -0.394857696 0.918558101
vn 0.062426321 -0.349155945 0.934982931
vn 0.144605164 -0.399343732 0.905325317
vn 0.114282051 -0.538780378 0.834658803
vn 0.200476859 -0.559495211 0.804222692
vn 0.157145520 -0.484848816 0.860364406
vn 0.011328061 -0.446650096 0.894637003
vn 0.437989667 -0.195095396 0.877555034
vn 0.109866127 -0.128808696 0.985564688
vn -0.107995204 0.126615197 0.986055591
vn 0.105488036 0.247352199 0.963166218
vn -0.268307991 0.314568788 0.910525837
vn -0.031593035 0.592982656 0.804595209
vn -0.000651645 0.510954583 0.859607462
vn -0.234205712 0.257139530 0.937564369
vn -0.502192716 -0.033211586 0.864117739
vn -0.038292156 -0.074770799 0.996465272
vn 0.236024274 0.094618097 0.967129752
vn 0.052691830 0.201457409 0.978078976
vn -0.213186881 -0.045500360 0.975951367
vn -0.183476710 -0.281047790 0.941991739
vn 0.051842034 -0.295010311 0.954086642
vn 0.161255407 -0.311997638 0.936298119
vn 0.066653221 -0.401347125 0.913497583
vn 0.017025441 -0.407033197 0.913254680
vn -0.008507309 -0.413443704 0.910489939
vn 0.048424947 -0.473757406 0.879323004
vn 0.158132888 -0.464740398 0.871212002
vn 0.240878099 -0.360142765 0.901262964
vn 0.190703498 -0.528656969 0.827136014
vn 0.210106027 -0.375288749 0.902781154
vn -0.148733898 -0.472817072 0.868517268
vn 0.285409366 -0.334617044 0.898094053
vn -0.191892086 0.224976030 0.955281745
vn -0.053653719 0.219406454 0.974157116
vn 0.030568134 0.071677132 0.996959366
vn -0.226097456 0.011353083 0.974038525
vn -0.322713361 0.223545583 0.919719228
vn -0.004319592 0.529466389 0.848319919
vn -0.015185663 0.486023151 0.873813992
vn -0.319598255 0.235932686 0.917710588
vn -0.024621598 0.116032551 0.992940192
vn 0.073808114 0.114928195 0.990628019
vn 0.027156240 0.245391350 0.969043665
vn 0.113455432 0.114299881 0.986946504
vn 0.057901923 -0.274877214 0.959734278
vn 0.099982123 -0.488613078 0.866753041
vn 0.086970034 -0.489906692 0.867425874
vn 0.104590363 -0.396962808 0.911856011
vn 0.009255582 -0.424195588 0.905523295
vn -0.000556372 -0.421483816 0.906835753
vn 0.108521292 -0.367860642 0.923526760
vn 0.185430355 -0.491496347 0.850909469
vn 0.110597533 -0.525769349 0.843406650
vn 0.191383100 -0.224379628 0.955524093
vn -0.000093524 0.000109648 0.999999990
vn -0.142979981 0.167845774 0.975389420
vn -0.027760049 0.483754206 0.874763538
vn -0.306858386 0.457657098 0.834498599
vn 0.066841093 0.452571540 0.889219472
vn 0.145886037 0.153393817 0.977336995
vn -0.040968743 -0.047698225 0.998021263
vn -0.461192745 -0.269417091 0.845408589
vn -0.236353737 -0.165335273 0.957497341
vn -0.000472620 0.118580077 0.992944380
vn -0.131658669 0.142560594 0.980990556
vn -0.041919901 0.036295661 0.998461490
vn 0.095712686 0.064329672 0.993328131
vn -0.061684941 0.054709825 0.996595105
vn 0.378866887 0.065531700 0.923128094
vn 0.265409647 -0.284137220 0.921316319
vn 0.185249585 -0.297211311 0.936668580
vn 0.051629197 -0.314192753 0.947954292
vn 0.042173198 -0.266247773 0.962981591
vn 0.030531093 -0.317634883 0.947721443
vn 0.015590203 -0.409571200 0.912144933
vn -0.018572326 -0.430633929 0.902335574
vn 0.203082351 -0.238096080 0.949772507
vn -0.428626341 0.502528710 0.750829112
vn 0.186194350 0.701941549 0.687466163
vn -0.051627162 0.411713626 0.909849727
vn -0.025614788 0.527330936 0.849273788
vn -0.048887355 0.504373319 0.862100680
vn -0.152205405 0.379798807 0.912461715
vn -0.241266728 0.481588467 0.842533628
vn -0.126043642 0.547022991 0.827574074
vn 0.084943575 0.303262339 0.949113556
vn 0.364953926 0.247996684 0.897388587
vn 0.189761824 0.171096965 0.966807260
vn -0.271652976 -0.158097242 0.949320769
vn -0.292355868 -0.344208817 0.892215409
vn -0.206755289 -0.357741665 0.910644361
vn -0.132392653 -0.179344317 0.974837320
vn -0.101553387 -0.161582474 0.981620096
vn 0.138641258 0.018855475 0.990163154
vn 0.057837707 -0.281620407 0.957781158
vn 0.280016652 -0.384614014 0.879581000
vn 0.416230898 -0.134606529 0.899240191
vn 0.149635777 -0.217805725 0.964453110
vn 0.086262886 -0.105828539 0.990635672
vn -0.024917921 -0.063154267 0.997692656
vn 0.039410654 -0.046205503 0.998154222
vn -0.255729945 0.299819217 0.919081407
vn -0.072903403 0.603513793 0.794012717
vn -0.506625946 0.383643017 0.772106331
vn -0.061191482 0.499287677 0.864272769
vn 0.140259901 0.579773669 0.802614262
vn -0.066446925 0.530947205 0.844795757
vn -0.092378432 0.513059367 0.853367629
vn -0.156263417 0.561474501 0.812605765
vn -0.261287504 0.496284293 0.827907447
vn 0.069147263 0.419722474 0.905014752
vn 0.311312579 0.148358152 0.938655601
vn 0.315300224 0.146520083 0.937612731
vn 0.244626784 0.246077558 0.937871831
vn -0.004443477 0.012961636 0.999906121
vn -0.235768203 -0.217762664 0.947097026
vn -0.189837769 -0.242386236 0.951425527
vn -0.219531506 -0.258356659 0.940775082
vn -0.021957270 -0.332689476 0.942780775
vn 0.011614032 -0.477318274 0.878653731
vn 0.311928108 -0.343551352 0.885817884
vn 0.254924521 -0.399381803 0.880629130
vn 0.241449087 -0.383902066 0.891247184
vn 0.106205281 -0.124516601 0.986517133
vn -0.394150620 -0.131352074 0.909610863
vn -0.420849291 0.155520134 0.893699817
vn -0.232774313 0.600978828 0.764617923
vn -0.127346528 0.497667674 0.857968384
vn 0.119987683 0.452082246 0.883869107
vn -0.147759811 0.550331117 0.821768033
vn 0.014806434 0.636970363 0.770746084
vn -0.108888497 0.429984915 0.896245652
vn -0.102592496 0.182313016 0.977873583
vn 0.121529652 0.035522342 0.991951968
vn 0.342029098 0.161721798 0.925668492
vn 0.249240083 0.267037895 0.930897494
vn 0.212988384 0.198987210 0.956577252
vn 0.317862964 0.193102623 0.928264247
vn -0.100696840 -0.180656531 0.978377925
vn -0.148550825 -0.314467412 0.937572877
vn -0.239050173 -0.397943529 0.885717767
vn 0.107348240 -0.320731986 0.941067133
vn 0.184927349 -0.399242102 0.898002015
vn 0.101893558 -0.465809533 0.878998966
vn 0.206652644 -0.296075984 0.932541525
vn 0.043233669 -0.050687802 0.997778330
vn -0.151727339 0.177887142 0.972283384
vn -0.181579112 0.315367544 0.931435633
vn -0.491230568 -0.029854883 0.870517786
vn -0.589270956 -0.122211852 0.798638844
vn -0.172454544 0.307323455 0.935848131
vn 0.175779026 0.536799464 0.825195776
vn -0.170460862 0.309368655 0.935539486
vn -0.032290803 0.142428792 0.989278193
vn 0.212593235 0.091220899 0.972873509
vn 0.108150125 -0.078961772 0.990993738
vn 0.165360329 -0.227994772 0.959517767
vn 0.143628738 -0.279685702 0.949287466
vn 0.238879443 -0.094764989 0.966414098
vn 0.288519266 -0.087786877 0.953441187
vn 0.297038386 -0.020474312 0.954646008
vn 0.211094705 0.041650891 0.976577815
vn -0.055445282 -0.165217182 0.984697468
vn -0.114617659 -0.271891295 0.955477847
vn -0.029456290 -0.368846468 0.929023471
vn 0.222939592 -0.295033164 0.929114294
vn 0.078459418 -0.116429641 0.990095075
vn 0.010527044 -0.012341984 0.999868420
vn -0.032326515 0.037900034 0.998758521
vn -0.335059421 0.192194355 0.922386315
vn -0.257634928 0.392925198 0.882742336
vn -0.209957918 0.486656144 0.847987895
vn -0.391623961 0.088059398 0.915901859
vn -0.466956422 -0.323894118 0.822827018
vn -0.006523140 -0.046537063 0.998895265
vn 0.162576334 -0.013577490 0.986602548
vn 0.196872131 -0.319564694 0.926887140
vn 0.239156094 -0.468860627 0.850278822
vn 0.041315875 -0.494054070 0.868448947
vn 0.132968105 -0.312909893 0.940429095
vn 0.281423610 -0.208200088 0.936724866
vn 0.122934082 -0.371398513 0.920299058
vn 0.228275487 -0.263550837 0.937246637
vn 0.149737512 -0.190776919 0.970145785
vn 0.222255693 -0.108320767 0.968952537
vn -0.021319784 -0.049991344 0.998522074
vn -0.057212655 -0.183287015 0.981393184
vn 0.107299736 -0.125799443 0.986235908
vn -0.262552691 0.236828888 0.935402674
vn -0.357642545 0.326497758 0.874923439
vn -0.389579514 0.419224091 0.820048147
vn -0.242888958 0.470072987 0.848549551
vn -0.015084714 0.494355210 0.869129092
vn -0.213446801 0.150350474 0.965316113
vn -0.084102547 -0.217647231 0.972397267
vn 0.239610423 -0.244197181 0.939656630
vn 0.331919084 -0.264587710 0.905440813
vn 0.249784466 -0.332279123 0.909504428
vn 0.104059894 -0.337192742 0.935666924
vn -0.010267767 -0.463699585 0.885932993
vn 0.159957861 -0.373099597 0.913898339
vn 0.136523217 -0.229746798 0.963627428
vn 0.150853858 -0.136745556 0.979052484
vn 0.213434419 -0.100194452 0.971805958
vn 0.066658214 -0.078151367 0.994710534
vn -0.078591453 0.092141799 0.992639548
vn -0.556432768 0.269295096 0.786042445
vn -0.380478927 0.501588928 0.776945515
vn -0.384614269 0.388487378 0.837346655
vn -0.173207063 0.249337044 0.952801318
vn -0.062785184 0.130901855 0.989405238
vn 0.197474490 0.098865970 0.975309872
vn 0.057279975 -0.270350361 0.961056547
vn 0.206111421 -0.296941866 0.932385977
vn 0.274932904 -0.154299818 0.949001298
vn 0.343318501 -0.013441081 0.939122859
vn 0.189514234 -0.143910882 0.971274427
vn 0.091367286 -0.266723659 0.959432389
vn 0.090677797 -0.278044719 0.956278553
vn 0.127810740 -0.349770989 0.928075789
vn 0.047103940 -0.389161405 0.919964467
vn 0.150579134 -0.176540615 0.972707220
vn -0.336824366 0.225168244 0.914247564
vn -0.515977799 0.229418850 0.825308368
vn -0.491618449 0.162086631 0.855592908
vn -0.255436865 0.019953521 0.966619814
vn 0.054716033 -0.026368412 0.998153727
vn 0.006139219 -0.292586038 0.956219494
vn 0.285816856 -0.281038325 0.916147469
vn 0.216137472 -0.422884298 0.880030377
vn 0.162440343 -0.436006764 0.885161701
vn 0.084733917 -0.422378510 0.902450308
vn 0.225399889 -0.203489234 0.952778579
vn 0.256593930 -0.070600511 0.963937302
vn 0.163854897 -0.103014770 0.981090990
vn 0.067638775 -0.171858194 0.982796905
vn 0.107603500 -0.126156148 0.986157246
vn -0.050791073 0.059548305 0.996932428
vn -0.079723948 0.209882356 0.974470876
vn -0.396854954 0.111816185 0.911045162
vn -0.470880296 0.005996914 0.882176731
vn -0.300687791 -0.259492587 0.917742039
vn -0.092734237 -0.492911101 0.865123695
vn -0.023533277 -0.505645137 0.862420536
vn 0.125936897 -0.428772900 0.894591358
vn 0.227626126 -0.424400310 0.876396442
vn 0.293010287 -0.372109241 0.880726793
vn 0.121498031 -0.348565650 0.929376251
vn 0.088163244 -0.345411230 0.934300982
vn 0.045688763 -0.339336394 0.939554867
vn 0.167544664 -0.210093805 0.963218240
vn 0.140891873 -0.071079809 0.987470071
vn 0.041210460 -0.040874155 0.998314080
vn -0.173980214 0.086794062 0.980916753
vn -0.116523770 0.125625400 0.985210876
vn -0.098920081 0.076740809 0.992131879
vn -0.236395229 -0.296534393 0.925302464
vn -0.132203834 -0.559226837 0.818405456
vn 0.006267600 -0.546061742 0.837721488
vn -0.043568315 -0.609564284 0.791538493
vn 0.069683859 -0.607996857 0.790875453
vn 0.109554170 -0.534211397 0.838221968
vn 0.229247114 -0.352708825 0.907216758
vn -0.001127149 -0.227988602 0.973663149
vn 0.114848899 -0.021598503 0.993148144
vn 0.082734232 -0.103101244 0.991224082
vn 0.081516007 -0.239606319 0.967441963
vn 0.088212808 -0.110800744 0.989920045
vn 0.003178913 -0.003726998 0.999988002
vn -0.306836611 -0.179869560 0.934611275
vn -0.129562235 -0.105396728 0.985953933
vn 0.028321786 -0.114154208 0.993059260
vn 0.056746589 -0.212615815 0.975486719
vn -0.029953829 -0.359077914 0.932826790
vn -0.015051693 -0.390271336 0.920576847
vn 0.004720619 -0.404029421 0.914733810
vn 0.076580335 -0.366583113 0.927228275
vn -0.016543843 -0.542259553 0.840048141
vn 0.094041220 -0.370221438 0.924171162
vn -0.111351601 -0.222203530 0.968620881
vn -0.039223131 -0.156761070 0.986857392
vn 0.128751219 -0.009681112 0.991629669
vn 0.167511248 0.037920967 0.985140590
vn -0.151427828 -0.355074302 0.922492197
vn -0.004638780 -0.368670367 0.929548623
vn 0.072365427 -0.221684261 0.972429603
vn 0.011231986 -0.113466605 0.993478320
vn -0.006074094 -0.114532317 0.993400953
vn -0.019816833 -0.167180733 0.985727090
vn 0.052194118 -0.070046420 0.996177330
vn 0.003790135 -0.004443596 0.999982945
vn -0.020477934 -0.048016936 0.998636585
vn -0.097681227 -0.275033438 0.956459610
vn 0.046165835 -0.282051728 0.958287816
vn 0.100218074 -0.117497290 0.988003403
f 1//1 6//6 2//2
f 1//1 5//5 6//6
f 2//2 6//6 7//7
f 3//3 11//11 4//4
f 3//3 10//10 11//11
f 4//4 12//12 5//5
f 4//4 11//11 12//12
f 5//5 13//13 6//6
f 5//5 12//12 13//13
f 6//6 14//14 7//7
f 6//6 13//13 14//14
f 7//7 15//15 8//8
f 7//7 14//14 15//15
f 8//8 15//15 16//16
f 9//9 19//19 10//10
f 9//9 18//18 19//19
f 10//10 20//20 11//11
f 10//10 19//19 20//20
f 11//11 21//21 12//12
f 11//11 20//20 21//21
f 12//12 22//22 13//13
f 12//12 21//21 22//22
f 13//13 23//23 14//14
f 13//13 22//22 23//23
f 14//14 24//24 15//15
f 14//14 23//23 24//24
f 15//15 25//25 16//16
f 15//15 24//24 25//25
f 16//16 25//25 26//26
f 17//17 30//30 18//18
f 17//17 29//29 30//30
f 18//18 31//31 19//19
f 18//18 30//30 31//31
f 19//19 32//32 20//20
f 19//19 31//31 32//32
f 20//20 33//33 21//21
f 20//20 32//32 33//33
f 21//21 34//34 22//22
f 21//21 33//33 34//34
f 22//22 35//35 23//23
f 22//22 34//34 35//35
f 23//23 36//36 24//24
f 23//23 35//35 36//36
f 24//24 37//37 25//25
f 24//24 36//36 37//37
f 25//25 38//38 26//26
f 25//25 37//37 38//38
f 27//27 52//52 28//28
f 27//27 51//51 52//52
f 28//28 53//53 29//29
f 28//28 52//52 53//53
f 29//29 54//54 30//30
f 29//29 53//53 54//54
f 30//30 55//55 31//31
f 30//30 54//54 55//55
f 31//31 56//56 32//32
f 31//31 55//55 56//56
f 32//32 57//57 33//33
f 32//32 56//56 57//57
f 33//33 58//58 34//34
f 33//33 57//57 58//58
f 34//34 59//59 35//35
f 34//34 58//58 59//59
f 35//35 60//60 36//36
f 35//35 59//59 60//60
f 36//36 61//61 37//37
f 36//36 60//60 61//61
f 37//37 62//62 38//38
f 37//37 61//61 62//62
f 39//39 66//66 40//40
f 39//39 65//65 66//66
f 40//40 67//67 41//41
f 40//40 66//66 67//67
f 41//41 68//68 42//42
f 41//41 67//67 68//68
f 42//42 69//69 43//43
f 42//42 68//68 69//69
f 43//43 70//70 44//44
f 43//43 69//69 70//70
f 44//44 71//71 45//45
f 44//44 70//70 71//71
f 45//45 72//72 46//46
f 45//45 71//71 72//72
f 46//46 72//72 73//73
f 47//47 75//75 48//48
f 47//47 74//74 75//75
f 48//48 75//75 76//76
f 49//49 79//79 50//50
f 49//49 78//78 79//79
f 50//50 80//80 51//51
f 50//50 79//79 80//80
f 51//51 81//81 52//52
f 51//51 80//80 81//81
f 52//52 82//82 53//53
f 52//52 81//81 82//82
f 53//53 83//83 54//54
f 53//53 82//82 83//83
f 54//54 84//84 55//55
f 54//54 83//83 84//84
f 55//55 85//85 56//56
f 55//55 84//84 85//85
f 56//56 86//86 57//57
f 56//56 85//85 86//86
f 57//57 87//87 58//58
f 57//57 86//86 87//87
f 58//58 88//88 59//59
f 58//58 87//87 88//88
f 59//59 89//89 60//60
f 59//59 88//88 89//89
f 60//60 90//90 61//61
f 60//60 89//89 90//90
f 61//61 91//91 62//62
f 61//61 90//90 91//91
f 63//63 94//94 64//64
f 63//63 93//93 94//94
f 64//64 95//95 65//65
f 64//64 94//94 95//95
f 65//65 96//96 66//66
f 65//65 95//95 96//96
f 66//66 97//97 67//67
f 66//66 96//96 97//97
f 67//67 98//98 68//68
f 67//67 97//97 98//98
f 68//68 99//99 69//69
f 68//68 98//98 99//99
f 69//69 100//100 70//70
f 69//69 99//99 100//100
f 70//70 101//101 71//71
f 70//70 100//100 101//101
f 71//71 102//102 72//72
f 71//71 101//101 102//102
f 72//72 103//103 73//73
f 72//72 102//102 103//103
f 73//73 104//104 74//74
f 73//73 103//103 104//104
f 74//74 105//105 75//75
f 74//74 104//104 105//105
f 75//75 106//106 76//76
f 75//75 105//105 106//106
f 76//76 107//107 77//77
f 76//76 106//106 107//107
f 77//77 108//108 78//78
f 77//77 107//107 108//108
f 78//78 109//109 79//79
f 78//78 108//108 109//109
f 79//79 110//110 80//80
f 79//79 109//109 110//110
f 80//80 111//111 81//81
f 80//80 110//110 111//111
f 81//81 112//112 82//82
f 81//81 111//111 112//112
f 82//82 113//113 83//83
f 82//82 112//112 113//113
f 83//83 114//114 84//84
f 83//83 113//113 114//114
f 84//84 115//115 85//85
f 84//84 114//114 115//115
f 85//85 116//116 86//86
f 85//85 115//115 116//116
f 86//86 117//117 87//87
f 86//86 116//116 117//117
f 87//87 118//118 88//88
f 87//87 117//117 118//118
f 88//88 119//119 89//89
f 88//88 118//118 119//119
f 89//89 120//120 90//90
f 89//89 119//119 120//120
f 90//90 121//121 91//91
f 90//90 120//120 121//121
f 92//92 124//124 93//93
f 92//92 123//123 124//124
f 93//93 125//125 94//94
f 93//93 124//124 125//125
f 94//94 126//126 95//95
f 94//94 125//125 126//126
f 95//95 127//127 96//96
f 95//95 126//126 127//127
f 96//96 128//128 97//97
f 96//96 127//127 128//128
f 97//97 129//129 98//98
f 97//97 128//128 129//129
f 98//98 130//130 99//99
f 98//98 129//129 130//130
f 99//99 131//131 100//100
f 99//99 130//130 131//131
f 100//100 132//132 101//101
f 100//100 131//131 132//132
f 101//101 133//133 102//102
f 101//101 132//132 133//133
f 102//102 134//134 103//103
f 102//102 133//133 134//134
f 103//103 135//135 104//104
f 103//103 134//134 135//135
f 104//104 136//136 105//105
f 104//104 135//135 136//136
f 105//105 137//137 106//106
f 105//105 136//136 137//137
f 106//106 138//138 107//107
f 106//106 137//137 138//138
f 107//107 139//139 108//108
f 107//107 138//138 139//139
f 108//108 140//140 109//109
f 108//108 139//139 140//140
f 109//109 141//141 110//110
f 109//109 140//140 141//141
f 110//110 142//142 111//111
f 110//110 141//141 142//142
f 111//111 143//143 112//112
f 111//111 142//142 143//143
f 112//112 144//144 113//113
f 112//112 143//143 144//144
f 113//113 145//145 114//114
f 113//113 144//144 145//145
f 114//114 146//146 115//115
f 114//114 145//145 146//146
f 115//115 147//147 116//116
f 115//115 146//146 147//147
f 116//116 148//148 117//117
f 116//116 147//147 148//148
f 117//117 149//149 118//118
f 117//117 148//148 149//149
f 118//118 150//150 119//119
f 118//118 149//149 150//150
f 119//119 151//151 120//120
f 119//119 150//150 151//151
f 120//120 152//152 121//121
f 120//120 151//151 152//152
f 122//122 154//154 123//123
f 122//122 153//153 154//154
f 123//123 155//155 124//124
f 123//123 154//154 155//155
f 124//124 156//156 125//125
f 124//124 155//155 156//156
f 125//125 157//157 126//126
f 125//125 156//156 157//157
f 126//126 158//158 127//127
f 126//126 157//157 158//158
f 127//127 159//159 128//128
f 127//127 158//158 159//159
f 128//128 160//160 129//129
f 128//128 159//159 160//160
f 129//129 161//161 130//130
f 129//129 160//160 161//161
f 130//130 162//162 131//131
f 130//130 161//161 162//162
f 131//131 163//163 132//132
f 131//131 162//162 163//163
f 132//132 164//164 133//133
f 132//132 163//163 164//164
f 133//133 165//165 134//134
f 133//133 164//164 165//165
f 134//134 166//166 135//135
f 134//134 165//165 166//166
f 135//135 167//167 136//136
f 135//135 166//166 167//167
f 136//136 168//168 137//137
f 136//136 167//167 168//168
f 137//137 169//169 138//138
f 137//137 168//168 169//169
f 138//138 170//170 139//139
f 138//138 169//169 170//170
f 139//139 171//171 140//140
f 139//139 170//170 171//171
f 140//140 172//172 141//141
f 140//140 171//171 172//172
f 141//141 173//173 142//142
f 141//141 172//172 173//173
f 142//142 174//174 143//143
f 142//142 173//173 174//174
f 143//143 175//175 144//144
f 143//143 174//174 175//175
f 144//144 176//176 145//145
f 144//144 175//175 176//176
f 145//145 177//177 146//146
f 145//145 176//176 177//177
f 146//146 178//178 147//147
f 146//146 177//177 178//178
f 147//147 179//179 148//148
f 147//147 178//178 179//179
f 148//148 180//180 149//149
f 148//148 179//179 180//180
f 149//149 181//181 150//150
f 149//149 180//180 181//181
f 150//150 182//182 151//151
f 150//150 181//181 182//182
f 151//151 183//183 152//152
f 151//151 182//182 183//183
f 153//153 186//186 154//154
f 153//153 185//185 186//186
f 154//154 187//187 155//155
f 154//154 186//186 187//187
f 155//155 188//188 156//156
f 155//155 187//187 188//188
f 156//156 189//189 157//157
f 156//156 188//188 189//189
f 157//157 190//190 158//158
f 157//157 189//189 190//190
f 158//158 191//191 159//159
f 158//158 190//190 191//191
f 159//159 192//192 160//160
f 159//159 191//191 192//192
f 160//160 193//193 161//161
f 160//160 192//192 193//193
f 161//161 194//194 162//162
f 161//161 193//193 194//194
f 162//162 195//195 163//163
f 162//162 194//194 195//195
f 163//163 196//196 164//164
f 163//163 195//195 196//196
f 164//164 197//197 165//165
f 164//164 196//196 197//197
f 165//165 198//198 166//166
f 165//165 197//197 198//198
f 166//166 199//199 167//167
f 166//166 198//198 199//199
f 167//167 200//200 168//168
f 167//167 199//199 200//200
f 168//168 201//201 169//169
f 168//168 200//200 201//201
f 169//169 202//202 170//170
f 169//169 201//201 202//202
f 170//170 203//203 171//171
f 170//170 202//202 203//203
f 171//171 204//204 172//172
f 171//171 203//203 204//204
f 172//172 205//205 173//173
f 172//172 204//204 205//205
f 173//173 206//206 174//174
f 173//173 205//205 206//206
f 174//174 207//207 175//175
f 174//174 206//206 207//207
f 175//175 208//208 176//176
f 175//175 207//207 208//208
f 176//176 209//209 177//177
f 176//176 208//208 209//209
f 177//177 210//210 178//178
f 177//177 209//209 210//210
f 178//178 211//211 179//179
f 178//178 210//210 211//211
f 179//179 212//212 180//180
f 179//179 211//211 212//212
f 180//180 213//213 181//181
f 180//180 212//212 213//213
f 181//181 214//214 182//182
f 181//181 213//213 214//214
f 182//182 215//215 183//183
f 182//182 214//214 215//215
f 184//184 217//217 185//185
f 184//184 216//216 217//217
f 185//185 218//218 186//186
f 185//185 217//217 218//218
f 186//186 219//219 187//187
f 186//186 218//218 219//219
f 187//187 220//220 188//188
f 187//187 219//219 220//220
f 188//188 221//221 189//189
f 188//188 220//220 221//221
f 189//189 222//222 190//190
f 189//189 221//221 222//222
f 190//190 223//223 191//191
f 190//190 222//222 223//223
f 191//191 224//224 192//192
f 191//191 223//223 224//224
f 192//192 225//225 193//193
f 192//192 224//224 225//225
f 193//193 226//226 194//194
f 193//193 225//225 226//226
f 194//194 227//227 195//195
f 194//194 226//226 227//227
f 195//195 228//228 196//196
f 195//195 227//227 228//228
f 196//196 229//229 197//197
f 196//196 228//228 229//229
f 197//197 230//230 198//198
f 197//197 229//229 230//230
f 198//198 231//231 199//199
f 198//198 230//230 231//231
f 199//199 232//232 200//200
f 199//199 231//231 232//232
f 200//200 233//233 201//201
f 200//200 232//232 233//233
f 201//201 234//234 202//202
f 201//201 233//233 234//234
f 202//202 235//235 203//203
f 202//202 234//234 235//235
f 203//203 236//236 204//204
f 203//203 235//235 236//236
f 204//204 237//237 205//205
f 204//204 236//236 237//237
f 205//205 238//238 206//206
f 205//205 237//237 238//238
f 206//206 239//239 207//207
f 206//206 238//238 239//239
f 207//207 240//240 208//208
f 207//207 239//239 240//240
f 208//208 241//241 209//209
f 208//208 240//240 241//241
f 209//209 242//242 210//210
f 209//209 241//241 242//242
f 210//210 243//243 211//211
f 210//210 242//242 243//243
f 211//211 244//244 212//212
f 211//211 243//243 244//244
f 212//212 245//245 213//213
f 212//212 244//244 245//245
f 213//213 246//246 214//214
f 213//213 245//245 246//246
f 216//216 249//249 217//217
f 216//216 248//248 249//249
f 217//217 250//250 218//218
f 217//217 249//249 250//250
f 218//218 251//251 219//219
f 218//218 250//250 251//251
f 219//219 252//252 220//220
f 219//219 251//251 252//252
f 220//220 253//253 221//221
f 220//220 252//252 253//253
f 221//221 254//254 222//222
f 221//221 253//253 254//254
f 222//222 255//255 223//223
f 222//222 254//254 255//255
f 223//223 256//256 224//224
f 223//223 255//255 256//256
f 224//224 257//257 225//225
f 224//224 256//256 257//257
f 225//225 258//258 226//226
f 225//225 257//257 258//258
f 226//226 259//259 227//227
f 226//226 258//258 259//259
f 227//227 260//260 228//228
f 227//227 259//259 260//260
f 228//228 261//261 229//229
f 228//228 260//260 261//261
f 229//229 262//262 230//230
f 229//229 261//261 262//262
f 230//230 263//263 231//231
f 230//230 262//262 263//263
f 231//231 264//264 232//232
f 231//231 263//263 264//264
f 232//232 265//265 233//233
f 232//232 264//264 265//265
f 233//233 266//266 234//234
f 233//233 265//265 266//266
f 234//234 267//267 235//235
f 234//234 266//266 267//267
f 235//235 268//268 236//236
f 235//235 267//267 268//268
f 236//236 269//269 237//237
f 236//236 268//268 269//269
f 237//237 270//270 238//238
f 237//237 269//269 270//270
f 238//238 271//271 239//239
f 238//238 270//270 271//271
f 239//239 272//272 240//240
f 239//239 271//271 272//272
f 240//240 273//273 241//241
f 240//240 272//272 273//273
f 241//241 274//274 242//242
f 241//241 273//273 274//274
f 242//242 275//275 243//243
f 242//242 274//274 275//275
f 243//243 276//276 244//244
f 243//243 275//275 276//276
f 244//244 277//277 245//245
f 244//244 276//276 277//277
f 247//247 279//279 248//248
f 247//247 278//278 279//279
f 248//248 280//280 249//249
f 248//248 279//279 280//280
f 249//249 281//281 250//250
f 249//249 280//280 281//281
f 250//250 282//282 251//251
f 250//250 281//281 282//282
f 251//251 283//283 252//252
f 251//251 282//282 283//283
f 252//252 284//284 253//253
f 252//252 283//283 284//284
f 253//253 285//285 254//254
f 253//253 284//284 285//285
f 254//254 286//286 255//255
f 254//254 285//285 286//286
f 255//255 287//287 256//256
f 255//255 286//286 287//287
f 256//256 288//288 257//257
f 256//256 287//287 288//288
f 257//257 289//289 258//258
f 257//257 288//288 289//289
f 258//258 290//290 259//259
f 258//258 289//289 290//290
f 259//259 291//291 260//260
f 259//259 290//290 291//291
f 260//260 292//292 261//261
f 260//260 291//291 292//292
f 261//261 293//293 262//262
f 261//261 292//292 293//293
f 262//262 294//294 263//263
f 262//262 293//293 294//294
f 263//263 295//295 264//264
f 263//263 294//294 295//295
f 264//264 296//296 265//265
f 264//264 295//295 296//296
f 265//265 297//297 266//266
f 265//265 296//296 297//297
f 266//266 298//298 267//267
f 266//266 297//297 298//298
f 267//267 299//299 268//268
f 267//267 298//298 299//299
f 268//268 300//300 269//269
f 268//268 299//299 300//300
f 269//269 301//301 270//270
f 269//269 300//300 301//301
f 270//270 302//302 271//271
f 270//270 301//301 302//302
f 271//271 303//303 272//272
f 271//271 302//302 303//303
f 272//272 304//304 273//273
f 272//272 303//303 304//304
f 273//273 305//305 274//274
f 273//273 304//304 305//305
f 274//274 306//306 275//275
f 274//274 305//305 306//306
f 275//275 307//307 276//276
f 275//275 306//306 307//307
f 278//278 309//309 279//279
f 278//278 308//308 309//309
f 279//279 310//310 280//280
f 279//279 309//309 310//310
f 280//280 311//311 281//281
f 280//280 310//310 311//311
f 281//281 312//312 282//282
f 281//281 311//311 312//312
f 282//282 313//313 283//283
f 282//282 312//312 313//313
f 283//283 314//314 284//284
f 283//283 313//313 314//314
f 284//284 315//315 285//285
f 284//284 314//314 315//315
f 285//285 316//316 286//286
f 285//285 315//315 316//316
f 286//286 317//317 287//287
f 286//286 316//316 317//317
f 287//287 318//318 288//288
f 287//287 317//317 318//318
f 288//288 319//319 289//289
f 288//288 318//318 319//319
f 289//289 320//320 290//290
f 289//289 319//319 320//320
f 290//290 321//321 291//291
f 290//290 320//320 321//321
f 291//291 322//322 292//292
f 291//291 321//321 322//322
f 292//292 323//323 293//293
f 292//292 322//322 323//323
f 293//293 324//324 294//294
f 293//293 323//323 324//324
f 294//294 325//325 295//295
f 294//294 324//324 325//325
f 295//295 326//326 296//296
f 295//295 325//325 326//326
f 296//296 327//327 297//297
f 296//296 326//326 327//327
f 297//297 328//328 298//298
f 297//297 327//327 328//328
f 298//298 329//329 299//299
f 298//298 328//328 329//329
f 299//299 330//330 300//300
f 299//299 329//329 330//330
f 300//300 331//331 301//301
f 300//300 330//330 331//331
f 301//301 332//332 302//302
f 301//301 331//331 332//332
f 302//302 333//333 303//303
f 302//302 332//332 333//333
f 303//303 334//334 304//304
f 303//303 333//333 334//334
f 304//304 335//335 305//305
f 304//304 334//334 335//335
f 305//305 336//336 306//306
f 305//305 335//335 336//336
f 306//306 337//337 307//307
f 306//306 336//336 337//337
f 308//308 339//339 309//309
f 308//308 338//338 339//339
f 309//309 340//340 310//310
f 309//309 339//339 340//340
f 310//310 341//341 311//311
f 310//310 340//340 341//341
f 311//311 342//342 312//312
f 311//311 341//341 342//342
f 312//312 343//343 313//313
f 312//312 342//342 343//343
f 313//313 344//344 314//314
f 313//313 343//343 344//344
f 314//314 345//345 315//315
f 314//314 344//344 345//345
f 315//315 346//346 316//316
f 315//315 345//345 346//346
f 316//316 347//347 317//317
f 316//316 346//346 347//347
f 317//317 348//348 318//318
f 317//317 347//347 348//348
f 318//318 349//349 319//319
f 318//318 348//348 349//349
f 319//319 350//350 320//320
f 319//319 349//349 350//350
f 320//320 351//351 321//321
f 320//320 350//350 351//351
f 321//321 352//352 322//322
f 321//321 351//351 352//352
f 322//322 353//353 323//323
f 322//322 352//352 353//353
f 323//323 354//354 324//324
f 323//323 353//353 354//354
f 324//324 355//355 325//325
f 324//324 354//354 355//355
f 325//325 356//356 326//326
f 325//325 355//355 356//356
f 326//326 357//357 327//327
f 326//326 356//356 357//357
f 327//327 358//358 328//328
f 327//327 357//357 358//358
f 328//328 359//359 329//329
f 328//328 358//358 359//359
f 329//329 360//360 330//330
f 329//329 359//359 360//360
f 330//330 361//361 331//331
f 330//330 360//360 361//361
f 331//331 362//362 332//332
f 331//331 361//361 362//362
f 332//332 363//363 333//333
f 332//332 362//362 363//363
f 333//333 364//364 334//334
f 333//333 363//363 364//364
f 334//334 365//365 335//335
f 334//334 364//364 365//365
f 335//335 366//366 336//336
f 335//335 365//365 366//366
f 338//338 368//368 339//339
f 338//338 367//367 368//368
f 339//339 369//369 340//340
f 339//339 368//368 369//369
f 340//340 370//370 341//341
f 340//340 369//369 370//370
f 341//341 371//371 342//342
f 341//341 370//370 371//371
f 342//342 372//372 343//343
f 342//342 371//371 372//372
f 343//343 373//373 344//344
f 343//343 372//372 373//373
f 344//344 374//374 345//345
f 344//344 373//373 374//374
f 345//345 375//375 346//346
f 345//345 374//374 375//375
f 346//346 376//376 347//347
f 346//346 375//375 376//376
f 347//347 377//377 348//348
f 347//347 376//376 377//377
f 348//348 378//378 349//349
f 348//348 377//377 378//378
f 349//349 379//379 350//350
f 349//349 378//378 379//379
f 350//350 380//380 351//351
f 350//350 379//379 380//380
f 351//351 381//381 352//352
f 351//351 380//380 381//381
f 352//352 382//382 353//353
f 352//352 381//381 382//382
f 353//353 383//383 354//354
f 353//353 382//382 383//383
f 354//354 384//384 355//355
f 354//354 383//383 384//384
f 355//355 385//385 356//356
f 355//355 384//384 385//385
f 356//356 386//386 357//357
f 356//356 385//385 386//386
f 357//357 387//387 358//358
f 357//357 386//386 387//387
f 358//358 388//388 359//359
f 358//358 387//387 388//388
f 359//359 389//389 360//360
f 359//359 388//388 389//389
f 360//360 390//390 361//361
f 360//360 389//389 390//390
f 361//361 391//391 362//362
f 361//361 390//390 391//391
f 362//362 392//392 363//363
f 362//362 391//391 392//392
f 363//363 393//393 364//364
f 363//363 392//392 393//393
f 364//364 394//394 365//365
f 364//364 393//393 394//394
f 365//365 395//395 366//366
f 365//365 394//394 395//395
f 367//367 397//397 368//368
f 367//367 396//396 397//397
f 368//368 398//398 369//369
f 368//368 397//397 398//398
f 369//369 399//399 370//370
f 369//369 398//398 399//399
f 370//370 400//400 371//371
f 370//370 399//399 400//400
f 371//371 401//401 372//372
f 371//371 400//400 401//401
f 372//372 402//402 373//373
f 372//372 401//401 402//402
f 373//373 403//403 374//374
f 373//373 402//402 403//403
f 374//374 404//404 375//375
f 374//374 403//403 404//404
f 375//375 405//405 376//376
f 375//375 404//404 405//405
f 376//376 406//406 377//377
f 376//376 405//405 406//406
f 377//377 407//407 378//378
f 377//377 406//406 407//407
f 378//378 408//408 379//379
f 378//378 407//407 408//408
f 379//379 409//409 380//380
f 379//379 408//408 409//409
f 380//380 410//410 381//381
f 380//380 409//409 410//410
f 381//381 411//411 382//382
f 381//381 410//410 411//411
f 382//382 412//412 383//383
f 382//382 411//411 412//412
f 383//383 413//413 384//384
f 383//383 412//412 413//413
f 384//384 414//414 385//385
f 384//384 413//413 414//414
f 385//385 415//415 386//386
f 385//385 414//414 415//415
f 386//386 416//416 387//387
f 386//386 415//415 416//416
f 387//387 417//417 388//388
f 387//387 416//416 417//417
f 388//388 418//418 389//389
f 388//388 417//417 418//418
f 389//389 419//419 390//390
f 389//389 418//418 419//419
f 390//390 420//420 391//391
f 390//390 419//419 420//420
f 391//391 421//421 392//392
f 391//391 420//420 421//421
f 392//392 422//422 393//393
f 392//392 421//421 422//422
f 393//393 423//423 394//394
f 393//393 422//422 423//423
f 396//396 425//425 397//397
f 397//397 426//426 398//398
f 397//397 425//425 426//426
f 398//398 427//427 399//399
f 398//398 426//426 427//427
f 399//399 428//428 400//400
f 399//399 427//427 428//428
f 400//400 429//429 401//401
f 400//400 428//428 429//429
f 401//401 430//430 402//402
f 401//401 429//429 430//430
f 402//402 431//431 403//403
f 402//402 430//430 431//431
f 403//403 432//432 404//404
f 403//403 431//431 432//432
f 404//404 433//433 405//405
f 404//404 432//432 433//433
f 405//405 434//434 406//406
f 405//405 433//433 434//434
f 406//406 435//435 407//407
f 406//406 434//434 435//435
f 407//407 436//436 408//408
f 407//407 435//435 436//436
f 408//408 437//437 409//409
f 408//408 436//436 437//437
f 409//409 438//438 410//410
f 409//409 437//437 438//438
f 410//410 439//439 411//411
f 410//410 438//438 439//439
f 411//411 440//440 412//412
f 411//411 439//439 440//440
f 412//412 441//441 413//413
f 412//412 440//440 441//441
f 413//413 442//442 414//414
f 413//413 441//441 442//442
f 414//414 443//443 415//415
f 414//414 442//442 443//443
f 415//415 444//444 416//416
f 415//415 443//443 444//444
f 416//416 445//445 417//417
f 416//416 444//444 445//445
f 417//417 446//446 418//418
f 417//417 445//445 446//446
f 418//418 447//447 419//419
f 418//418 446//446 447//447
f 419//419 448//448 420//420
f 419//419 447//447 448//448
f 420//420 449//449 421//421
f 420//420 448//448 449//449
f 421//421 450//450 422//422
f 421//421 449//449 450//450
f 424//424 452//452 425//425
f 424//424 451//451 452//452
f 425//425 453//453 426//426
f 425//425 452//452 453//453
f 426//426 454//454 427//427
f 426//426 453//453 454//454
f 427//427 455//455 428//428
f 427//427 454//454 455//455
f 428//428 456//456 429//429
f 428//428 455//455 456//456
f 429//429 457//457 430//430
f 429//429 456//456 457//457
f 430//430 458//458 431//431
f 430//430 457//457 458//458
f 431//431 459//459 432//432
f 431//431 458//458 459//459
f 432//432 460//460 433//433
f 432//432 459//459 460//460
f 433//433 461//461 434//434
f 433//433 460//460 461//461
f 434//434 462//462 435//435
f 434//434 461//461 462//462
f 435//435 463//463 436//436
f 435//435 462//462 463//463
f 436//436 464//464 437//437
f 436//436 463//463 464//464
f 437//437 465//465 438//438
f 437//437 464//464 465//465
f 438//438 466//466 439//439
f 438//438 465//465 466//466
f 439//439 467//467 440//440
f 439//439 466//466 467//467
f 440//440 468//468 441//441
f 440//440 467//467 468//468
f 441//441 469//469 442//442
f 441//441 468//468 469//469
f 442//442 470//470 443//443
f 442//442 469//469 470//470
f 443//443 471//471 444//444
f 443//443 470//470 471//471
f 444//444 472//472 445//445
f 444//444 471//471 472//472
f 445//445 473//473 446//446
f 445//445 472//472 473//473
f 446//446 474//474 447//447
f 446//446 473//473 474//474
f 447//447 475//475 448//448
f 447//447 474//474 475//475
f 448//448 476//476 449//449
f 448//448 475//475 476//476
f 451//451 477//477 452//452
f 452//452 478//478 453//453
f 452//452 477//477 478//478
f 453//453 479//479 454//454
f 453//453 478//478 479//479
f 454//454 480//480 455//455
f 454//454 479//479 480//480
f 455//455 481//481 456//456
f 455//455 480//480 481//481
f 456//456 482//482 457//457
f 456//456 481//481 482//482
f 457//457 483//483 458//458
f 457//457 482//482 483//483
f 458//458 484//484 459//459
f 458//458 483//483 484//484
f 459//459 485//485 460//460
f 459//459 484//484 485//485
f 460//460 486//486 461//461
f 460//460 485//485 486//486
f 461//461 487//487 462//462
f 461//461 486//486 487//487
f 462//462 488//488 463//463
f 462//462 487//487 488//488
f 463//463 489//489 464//464
f 463//463 488//488 489//489
f 464//464 490//490 465//465
f 464//464 489//489 490//490
f 465//465 491//491 466//466
f 465//465 490//490 491//491
f 466//466 492//492 467//467
f 466//466 491//491 492//492
f 467//467 493//493 468//468
f 467//467 492//492 493//493
f 468//468 494//494 469//469
f 468//468 493//493 494//494
f 469//469 495//495 470//470
f 469//469 494//494 495//495
f 470//470 496//496 471//471
f 470//470 495//495 496//496
f 471//471 497//497 472//472
f 471//471 496//496 497//497
f 472//472 498//498 473//473
f 472//472 497//497 498//498
f 473//473 499//499 474//474
f 473//473 498//498 499//499
f 474//474 500//500 475//475
f 474//474 499//499 500//500
f 477//477 502//502 478//478
f 478//478 503//503 479//479
f 478//478 502//502 503//503
f 479//479 504//504 480//480
f 479//479 503//503 504//504
f 480//480 505//505 481//481
f 480//480 504//504 505//505
f 481//481 506//506 482//482
f 481//481 505//505 506//506
f 482//482 507//507 483//483
f 482//482 506//506 507//507
f 483//483 508//508 484//484
f 483//483 507//507 508//508
f 484//484 509//509 485//485
f 484//484 508//508 509//509
f 485//485 510//510 486//486
f 485//485 509//509 510//510
f 486//486 511//511 487//487
f 486//486 510//510 511//511
f 487//487 512//512 488//488
f 487//487 511//511 512//512
f 488//488 513//513 489//489
f 488//488 512//512 513//513
f 489//489 514//514 490//490
f 489//489 513//513 514//514
f 490//490 515//515 491//491
f 490//490 514//514 515//515
f 491//491 516//516 492//492
f 491//491 515//515 516//516
f 492//492 517//517 493//493
f 492//492 516//516 517//517
f 493//493 518//518 494//494
f 493//493 517//517 518//518
f 494//494 519//519 495//495
f 494//494 518//518 519//519
f 495//495 520//520 496//496
f 495//495 519//519 520//520
f 496//496 521//521 497//497
f 496//496 520//520 521//521
f 497//497 522//522 498//498
f 497//497 521//521 522//522
f 498//498 523//523 499//499
f 498//498 522//522 523//523
f 501//501 525//525 502//502
f 501//501 524//524 525//525
f 502//502 526//526 503//503
f 502//502 525//525 526//526
f 503//503 527//527 504//504
f 503//503 526//526 527//527
f 504//504 528//528 505//505
f 504//504 527//527 528//528
f 505//505 529//529 506//506
f 505//505 528//528 529//529
f 506//506 530//530 507//507
f 506//506 529//529 530//530
f 507//507 531//531 508//508
f 507//507 530//530 531//531
f 508//508 532//532 509//509
f 508//508 531//531 532//532
f 509//509 533//533 510//510
f 509//509 532//532 533//533
f 510//510 534//534 511//511
f 510//510 533//533 534//534
f 511//511 535//535 512//512
f 511//511 534//534 535//535
f 512//512 536//536 513//513
f 512//512 535//535 536//536
f 513//513 537//537 514//514
f 513//513 536//536 537//537
f 514//514 538//538 515//515
f 514//514 537//537 538//538
f 515//515 539//539 516//516
f 515//515 538//538 539//539
f 516//516 540//540 517//517
f 516//516 539//539 540//540
f 517//517 541//541 518//518
f 517//517 540//540 541//541
f 518//518 542//542 519//519
f 518//518 541//541 542//542
f 519//519 543//543 520//520
f 519//519 542//542 543//543
f 520//520 544//544 521//521
f 520//520 543//543 544//544
f 521//521 545//545 522//522
f 521//521 544//544 545//545
f 522//522 546//546 523//523
f 522//522 545//545 546//546
f 524//524 548//548 525//525
f 524//524 547//547 548//548
f 525//525 549//549 526//526
f 525//525 548//548 549//549
f 526//526 550//550 527//527
f 526//526 549//549 550//550
f 527//527 551//551 528//528
f 527//527 550//550 551//551
f 528//528 552//552 529//529
f 528//528 551//551 552//552
f 529//529 553//553 530//530
f 529//529 552//552 553//553
f 530//530 554//554 531//531
f 530//530 553//553 554//554
f 531//531 555//555 532//532
f 531//531 554//554 555//555
f 532//532 556//556 533//533
f 532//532 555//555 556//556
f 533//533 557//557 534//534
f 533//533 556//556 557//557
f 534//534 558//558 535//535
f 534//534 557//557 558//558
f 535//535 559//559 536//536
f 535//535 558//558 559//559
f 536//536 560//560 537//537
f 536//536 559//559 560//560
f 537//537 561//561 538//538
f 537//537 560//560 561//561
f 538//538 562//562 539//539
f 538//538 561//561 562//562
f 539//539 563//563 540//540
f 539//539 562//562 563//563
f 540//540 564//564 541//541
f 540//540 563//563 564//564
f 541//541 565//565 542//542
f 541//541 564//564 565//565
f 542//542 566//566 543//543
f 542//542 565//565 566//566
f 543//543 567//567 544//544
f 543//543 566//566 567//567
f 544//544 568//568 545//545
f 544//544 567//567 568//568
f 547//547 571//571 548//548
f 547//547 570//570 571//571
f 548//548 572//572 549//549
f 548//548 571//571 572//572
f 549//549 573//573 550//550
f 549//549 572//572 573//573
f 550//550 574//574 551//551
f 550//550 573//573 574//574
f 551//551 575//575 552//552
f 551//551 574//574 575//575
f 552//552 576//576 553//553
f 552//552 575//575 576//576
f 553//553 577//577 554//554
f 553//553 576//576 577//577
f 554//554 578//578 555//555
f 554//554 577//577 578//578
f 555//555 579//579 556//556
f 555//555 578//578 579//579
f 556//556 580//580 557//557
f 556//556 579//579 580//580
f 557//557 581//581 558//558
f 557//557 580//580 581//581
f 558//558 582//582 559//559
f 558//558 581//581 582//582
f 559//559 583//583 560//560
f 559//559 582//582 583//583
f 560//560 584//584 561//561
f 560//560 583//583 584//584
f 561//561 585//585 562//562
f 561//561 584//584 585//585
f 562//562 586//586 563//563
f 562//562 585//585 586//586
f 563//563 587//587 564//564
f 563//563 586//586 587//587
f 564//564 588//588 565//565
f 564//564 587//587 588//588
f 565//565 589//589 566//566
f 565//565 588//588 589//589
f 566//566 590//590 567//567
f 566//566 589//589 590//590
f 569//569 592//592 570//570
f 569//569 591//591 592//592
f 570//570 593//593 571//571
f 570//570 592//592 593//593
f 571//571 594//594 572//572
f 571//571 593//593 594//594
f 572//572 595//595 573//573
f 572//572 594//594 595//595
f 573//573 596//596 574//574
f 573//573 595//595 596//596
f 574//574 597//597 575//575
f 574//574 596//596 597//597
f 575//575 598//598 576//576
f 575//575 597//597 598//598
f 576//576 599//599 577//577
f 576//576 598//598 599//599
f 577//577 600//600 578//578
f 577//577 599//599 600//600
f 578//578 601//601 579//579
f 578//578 600//600 601//601
f 579//579 602//602 580//580
f 579//579 601//601 602//602
f 580//580 603//603 581//581
f 580//580 602//602 603//603
f 581//581 604//604 582//582
f 581//581 603//603 604//604
f 582//582 605//605 583//583
f 582//582 604//604 605//605
f 583//583 606//606 584//584
f 583//583 605//605 606//606
f 584//584 607//607 585//585
f 584//584 606//606 607//607
f 585//585 608//608 586//586
f 585//585 607//607 608//608
f 586//586 609//609 587//587
f 586//586 608//608 609//609
f 587//587 610//610 588//588
f 587//587 609//609 610//610
f 588//588 611//611 589//589
f 588//588 610//610 611//611
f 589//589 612//612 590//590
f 589//589 611//611 612//612
f 591//591 614//614 592//592
f 591//591 613//613 614//614
f 592//592 615//615 593//593
f 592//592 614//614 615//615
f 593//593 616//616 594//594
f 593//593 615//615 616//616
f 594//594 617//617 595//595
f 594//594 616//616 617//617
f 595//595 618//618 596//596
f 595//595 617//617 618//618
f 596//596 619//619 597//597
f 596//596 618//618 619//619
f 597//597 620//620 598//598
f 597//597 619//619 620//620
f 598//598 621//621 599//599
f 598//598 620//620 621//621
f 599//599 622//622 600//600
f 599//599 621//621 622//622
f 600//600 623//623 601//601
f 600//600 622//622 623//623
f 601//601 624//624 602//602
f 601//601 623//623 624//624
f 602//602 625//625 603//603
f 602//602 624//624 625//625
f 603//603 626//626 604//604
f 603//603 625//625 626//626
f 604//604 627//627 605//605
f 604//604 626//626 627//627
f 605//605 628//628 606//606
f 605//605 627//627 628//628
f 606//606 629//629 607//607
f 606//606 628//628 629//629
f 607//607 630//630 608//608
f 607//607 629//629 630//630
f 608//608 631//631 609//609
f 608//608 630//630 631//631
f 609//609 632//632 610//610
f 609//609 631//631 632//632
f 610//610 633//633 611//611
f 610//610 632//632 633//633
f 611//611 634//634 612//612
f 611//611 633//633 634//634
f 613//613 636//636 614//614
f 613//613 635//635 636//636
f 614//614 637//637 615//615
f 614//614 636//636 637//637
f 615//615 638//638 616//616
f 615//615 637//637 638//638
f 616//616 639//639 617//617
f 616//616 638//638 639//639
f 617//617 640//640 618//618
f 617//617 639//639 640//640
f 618//618 641//641 619//619
f 618//618 640//640 641//641
f 619//619 642//642 620//620
f 619//619 641//641 642//642
f 620//620 643//643 621//621
f 620//620 642//642 643//643
f 621//621 644//644 622//622
f 621//621 643//643 644//644
f 622//622 645//645 623//623
f 622//622 644//644 645//645
f 623//623 646//646 624//624
f 623//623 645//645 646//646
f 624//624 647//647 625//625
f 624//624 646//646 647//647
f 625//625 648//648 626//626
f 625//625 647//647 648//648
f 626//626 649//649 627//627
f 626//626 648//648 649//649
f 627//627 650//650 628//628
f 627//627 649//649 650//650
f 628//628 651//651 629//629
f 628//628 650//650 651//651
f 629//629 652//652 630//630
f 629//629 651//651 652//652
f 630//630 653//653 631//631
f 630//630 652//652 653//653
f 631//631 654//654 632//632
f 631//631 653//653 654//654
f 632//632 655//655 633//633
f 632//632 654//654 655//655
f 633//633 656//656 634//634
f 633//633 655//655 656//656
f 635//635 658//658 636//636
f 635//635 657//657 658//658
f 636//636 659//659 637//637
f 636//636 658//658 659//659
f 637//637 660//660 638//638
f 637//637 659//659 660//660
f 638//638 661//661 639//639
f 638//638 660//660 661//661
f 639//639 662//662 640//640
f 639//639 661//661 662//662
f 640//640 663//663 641//641
f 640//640 662//662 663//663
f 641//641 664//664 642//642
f 641//641 663//663 664//664
f 642//642 665//665 643//643
f 642//642 664//664 665//665
f 643//643 666//666 644//644
f 643//643 665//665 666//666
f 644//644 667//667 645//645
f 644//644 666//666 667//667
f 645//645 668//668 646//646
f 645//645 667//667 668//668
f 646//646 669//669 647//647
f 646//646 668//668 669//669
f 647//647 670//670 648//648
f 647//647 669//669 670//670
f 648//648 671//671 649//649
f 648//648 670//670 671//671
f 649//649 672//672 650//650
f 649//649 671//671 672//672
f 650//650 673//673 651//651
f 650//650 672//672 673//673
f 651//651 674//674 652//652
f 651//651 673//673 674//674
f 652//652 675//675 653//653
f 652//652 674//674 675//675
f 653//653 676//676 654//654
f 653//653 675//675 676//676
f 654//654 677//677 655//655
f 654//654 676//676 677//677
f 655//655 678//678 656//656
f 655//655 677//677 678//678
f 657//657 681//681 658//658
f 657//657 680//680 681//681
f 658//658 682//682 659//659
f 658//658 681//681 682//682
f 659//659 683//683 660//660
f 659//659 682//682 683//683
f 660//660 684//684 661//661
f 660//660 683//683 684//684
f 661//661 685//685 662//662
f 661//661 684//684 685//685
f 662//662 686//686 663//663
f 662//662 685//685 686//686
f 663//663 687//687 664//664
f 663//663 686//686 687//687
f 664//664 688//688 665//665
f 664//664 687//687 688//688
f 665//665 689//689 666//666
f 665//665 688//688 689//689
f 666//666 690//690 667//667
f 666//666 689//689 690//690
f 667//667 691//691 668//668
f 667//667 690//690 691//691
f 668//668 692//692 669//669
f 668//668 691//691 692//692
f 669//669 693//693 670//670
f 669//669 692//692 693//693
f 670//670 694//694 671//671
f 670//670 693//693 694//694
f 671//671 695//695 672//672
f 671//671 694//694 695//695
f 672//672 696//696 673//673
f 672//672 695//695 696//696
f 673//673 697//697 674//674
f 673//673 696//696 697//697
f 674//674 698//698 675//675
f 674//674 697//697 698//698
f 675//675 699//699 676//676
f 675//675 698//698 699//699
f 679//679 705//705 680//680
f 679//679 704//704 705//705
f 680//680 706//706 681//681
f 680//680 705//705 706//706
f 681//681 707//707 682//682
f 681//681 706//706 707//707
f 682//682 708//708 683//683
f 682//682 707//707 708//708
f 683//683 709//709 684//684
f 683//683 708//708 709//709
f 684//684 710//710 685//685
f 684//684 709//709 710//710
f 685//685 711//711 686//686
f 685//685 710//710 711//711
f 686//686 712//712 687//687
f 686//686 711//711 712//712
f 687//687 713//713 688//688
f 687//687 712//712 713//713
f 688//688 714//714 689//689
f 688//688 713//713 714//714
f 689//689 715//715 690//690
f 689//689 714//714 715//715
f 690//690 716//716 691//691
f 690//690 715//715 716//716
f 691//691 717//717 692//692
f 691//691 716//716 717//717
f 692//692 718//718 693//693
f 692//692 717//717 718//718
f 693//693 719//719 694//694
f 693//693 718//718 719//719
f 694//694 720//720 695//695
f 694//694 719//719 720//720
f 695//695 721//721 696//696
f 695//695 720//720 721//721
f 696//696 722//722 697//697
f 696//696 721//721 722//722
f 697//697 723//723 698//698
f 697//697 722//722 723//723
f 700//700 726//726 701//701
f 700//700 725//725 726//726
f 701//701 726//726 727//727
f 702//702 728//728 703//703
f 702//702 727//727 728//728
f 703//703 729//729 704//704
f 703//703 728//728 729//729
f 704//704 730//730 705//705
f 704//704 729//729 730//730
f 705//705 731//731 706//706
f 705//705 730//730 731//731
f 706//706 732//732 707//707
f 706//706 731//731 732//732
f 707//707 733//733 708//708
f 707//707 732//732 733//733
f 708//708 734//734 709//709
f 708//708 733//733 734//734
f 709//709 735//735 710//710
f 709//709 734//734 735//735
f 710//710 736//736 711//711
f 710//710 735//735 736//736
f 711//711 737//737 712//712
f 711//711 736//736 737//737
f 712//712 738//738 713//713
f 712//712 737//737 738//738
f 713//713 739//739 714//714
f 713//713 738//738 739//739
f 714//714 740//740 715//715
f 714//714 739//739 740//740
f 715//715 741//741 716//716
f 715//715 740//740 741//741
f 716//716 742//742 717//717
f 716//716 741//741 742//742
f 717//717 743//743 718//718
f 717//717 742//742 743//743
f 718//718 744//744 719//719
f 718//718 743//743 744//744
f 719//719 745//745 720//720
f 719//719 744//744 745//745
f 724//724 750//750 725//725
f 724//724 749//749 750//750
f 725//725 751//751 726//726
f 725//725 750//750 751//751
f 726//726 752//752 727//727
f 726//726 751//751 752//752
f 727//727 753//753 728//728
f 727//727 752//752 753//753
f 728//728 754//754 729//729
f 728//728 753//753 754//754
f 729//729 755//755 730//730
f 729//729 754//754 755//755
f 730//730 756//756 731//731
f 730//730 755//755 756//756
f 731//731 757//757 732//732
f 731//731 756//756 757//757
f 732//732 758//758 733//733
f 732//732 757//757 758//758
f 733//733 759//759 734//734
f 733//733 758//758 759//759
f 734//734 760//760 735//735
f 734//734 759//759 760//760
f 735//735 761//761 736//736
f 735//735 760//760 761//761
f 736//736 762//762 737//737
f 736//736 761//761 762//762
f 737//737 763//763 738//738
f 737//737 762//762 763//763
f 738//738 764//764 739//739
f 738//738 763//763 764//764
f 739//739 765//765 740//740
f 739//739 764//764 765//765
f 740//740 766//766 741//741
f 740//740 765//765 766//766
f 741//741 767//767 742//742
f 741//741 766//766 767//767
f 742//742 768//768 743//743
f 742//742 767//767 768//768
f 746//746 774//774 747//747
f 746//746 773//773 774//774
f 747//747 775//775 748//748
f 747//747 774//774 775//775
f 748//748 776//776 749//749
f 748//748 775//775 776//776
f 749//749 777//777 750//750
f 749//749 776//776 777//777
f 750//750 778//778 751//751
f 750//750 777//777 778//778
f 751//751 779//779 752//752
f 751//751 778//778 779//779
f 752//752 780//780 753//753
f 752//752 779//779 780//780
f 753//753 781//781 754//754
f 753//753 780//780 781//781
f 754//754 782//782 755//755
f 754//754 781//781 782//782
f 755//755 783//783 756//756
f 755//755 782//782 783//783
f 756//756 784//784 757//757
f 756//756 783//783 784//784
f 757//757 785//785 758//758
f 757//757 784//784 785//785
f 758//758 786//786 759//759
f 758//758 785//785 786//786
f 759//759 787//787 760//760
f 759//759 786//786 787//787
f 760//760 788//788 761//761
f 760//760 787//787 788//788
f 761//761 789//789 762//762
f 761//761 788//788 789//789
f 762//762 790//790 763//763
f 762//762 789//789 790//790
f 763//763 791//791 764//764
f 763//763 790//790 791//791
f 764//764 792//792 765//765
f 764//764 791//791 792//792
f 769//769 796//796 770//770
f 769//769 795//795 796//796
f 770//770 797//797 771//771
f 770//770 796//796 797//797
f 771//771 798//798 772//772
f 771//771 797//797 798//798
f 772//772 799//799 773//773
f 772//772 798//798 799//799
f 773//773 800//800 774//774
f 773//773 799//799 800//800
f 774//774 801//801 775//775
f 774//774 800//800 801//801
f 775//775 802//802 776//776
f 775//775 801//801 802//802
f 776//776 803//803 777//777
f 776//776 802//802 803//803
f 777//777 804//804 778//778
f 777//777 803//803 804//804
f 778//778 805//805 779//779
f 778//778 804//804 805//805
f 779//779 806//806 780//780
f 779//779 805//805 806//806
f 780//780 807//807 781//781
f 780//780 806//806 807//807
f 781//781 808//808 782//782
f 781//781 807//807 808//808
f 782//782 809//809 783//783
f 782//782 808//808 809//809
f 783//783 810//810 784//784
f 783//783 809//809 810//810
f 784//784 811//811 785//785
f 784//784 810//810 811//811
f 785//785 812//812 786//786
f 785//785 811//811 812//812
f 786//786 813//813 787//787
f 786//786 812//812 813//813
f 787//787 814//814 788//788
f 787//787 813//813 814//814
f 788//788 815//815 789//789
f 788//788 814//814 815//815
f 793//793 817//817 794//794
f 793//793 816//816 817//817
f 794//794 818//818 795//795
f 794//794 817//817 818//818
f 795//795 819//819 796//796
f 795//795 818//818 819//819
f 796//796 820//820 797//797
f 796//796 819//819 820//820
f 797//797 821//821 798//798
f 797//797 820//820 821//821
f 798//798 822//822 799//799
f 798//798 821//821 822//822
f 799//799 823//823 800//800
f 799//799 822//822 823//823
f 800//800 824//824 801//801
f 800//800 823//823 824//824
f 801//801 825//825 802//802
f 801//801 824//824 825//825
f 802//802 826//826 803//803
f 802//802 825//825 826//826
f 803//803 827//827 804//804
f 803//803 826//826 827//827
f 804//804 828//828 805//805
f 804//804 827//827 828//828
f 805//805 829//829 806//806
f 805//805 828//828 829//829
f 806//806 830//830 807//807
f 806//806 829//829 830//830
f 807//807 831//831 808//808
f 807//807 830//830 831//831
f 808//808 832//832 809//809
f 808//808 831//831 832//832
f 809//809 833//833 810//810
f 809//809 832//832 833//833
f 810//810 834//834 811//811
f 810//810 833//833 834//834
f 811//811 835//835 812//812
f 811//811 834//834 835//835
f 812//812 836//836 813//813
f 812//812 835//835 836//836
f 813//813 837//837 814//814
f 813//813 836//836 837//837
f 816//816 840//840 817//817
f 816//816 839//839 840//840
f 817//817 841//841 818//818
f 817//817 840//840 841//841
f 818//818 842//842 819//819
f 818//818 841//841 842//842
f 819//819 843//843 820//820
f 819//819 842//842 843//843
f 820//820 844//844 821//821
f 820//820 843//843 844//844
f 821//821 845//845 822//822
f 821//821 844//844 845//845
f 822//822 846//846 823//823
f 822//822 845//845 846//846
f 823//823 847//847 824//824
f 823//823 846//846 847//847
f 824//824 848//848 825//825
f 824//824 847//847 848//848
f 825//825 849//849 826//826
f 825//825 848//848 849//849
f 826//826 850//850 827//827
f 826//826 849//849 850//850
f 827//827 851//851 828//828
f 827//827 850//850 851//851
f 828//828 852//852 829//829
f 828//828 851//851 852//852
f 829//829 853//853 830//830
f 829//829 852//852 853//853
f 830//830 854//854 831//831
f 830//830 853//853 854//854
f 831//831 855//855 832//832
f 831//831 854//854 855//855
f 832//832 856//856 833//833
f 832//832 855//855 856//856
f 833//833 857//857 834//834
f 833//833 856//856 857//857
f 834//834 858//858 835//835
f 834//834 857//857 858//858
f 835//835 859//859 836//836
f 835//835 858//858 859//859
f 838//838 862//862 839//839
f 838//838 861//861 862//862
f 839//839 863//863 840//840
f 839//839 862//862 863//863
f 840//840 864//864 841//841
f 840//840 863//863 864//864
f 841//841 865//865 842//842
f 841//841 864//864 865//865
f 842//842 866//866 843//843
f 842//842 865//865 866//866
f 843//843 867//867 844//844
f 843//843 866//866 867//867
f 844//844 868//868 845//845
f 844//844 867//867 868//868
f 845//845 869//869 846//846
f 845//845 868//868 869//869
f 846//846 870//870 847//847
f 846//846 869//869 870//870
f 847//847 871//871 848//848
f 847//847 870//870 871//871
f 848//848 872//872 849//849
f 848//848 871//871 872//872
f 849//849 873//873 850//850
f 849//849 872//872 873//873
f 850//850 874//874 851//851
f 850//850 873//873 874//874
f 851//851 875//875 852//852
f 851//851 874//874 875//875
f 852//852 876//876 853//853
f 852//852 875//875 876//876
f 854//854 877//877 855//855
f 855//855 878//878 856//856
f 855//855 877//877 878//878
f 856//856 879//879 857//857
f 856//856 878//878 879//879
f 860//860 881//881 861//861
f 860//860 880//880 881//881
f 861//861 882//882 862//862
f 861//861 881//881 882//882
f 862//862 883//883 863//863
f 862//862 882//882 883//883
f 863//863 884//884 864//864
f 863//863 883//883 884//884
f 864//864 885//885 865//865
f 864//864 884//884 885//885
f 865//865 886//886 866//866
f 865//865 885//885 886//886
f 866//866 887//887 867//867
f 866//866 886//886 887//887
f 867//867 888//888 868//868
f 867//867 887//887 888//888
f 868//868 889//889 869//869
f 868//868 888//888 889//889
f 869//869 890//890 870//870
f 869//869 889//889 890//890
f 870//870 891//891 871//871
f 870//870 890//890 891//891
f 871//871 892//892 872//872
f 871//871 891//891 892//892
f 872//872 893//893 873//873
f 872//872 892//892 893//893
f 873//873 894//894 874//874
f 873//873 893//893 894//894
f 874//874 895//895 875//875
f 874//874 894//894 895//895
f 875//875 896//896 876//876
f 875//875 895//895 896//896
f 880//880 899//899 881//881
f 880//880 898//898 899//899
f 881//881 900//900 882//882
f 881//881 899//899 900//900
f 882//882 901//901 883//883
f 882//882 900//900 901//901
f 883//883 902//902 884//884
f 883//883 901//901 902//902
f 884//884 903//903 885//885
f 884//884 902//902 903//903
f 885//885 904//904 886//886
f 885//885 903//903 904//904
f 886//886 905//905 887//887
f 886//886 904//904 905//905
f 887//887 906//906 888//888
f 887//887 905//905 906//906
f 888//888 907//907 889//889
f 888//888 906//906 907//907
f 889//889 908//908 890//890
f 889//889 907//907 908//908
f 890//890 909//909 891//891
f 890//890 908//908 909//909
f 891//891 910//910 892//892
f 891//891 909//909 910//910
f 892//892 911//911 893//893
f 892//892 910//910 911//911
f 893//893 912//912 894//894
f 893//893 911//911 912//912
f 894//894 913//913 895//895
f 894//894 912//912 913//913
f 897//897 915//915 898//898
f 897//897 914//914 915//915
f 898//898 916//916 899//899
f 898//898 915//915 916//916
f 899//899 917//917 900//900
f 899//899 916//916 917//917
f 900//900 918//918 901//901
f 900//900 917//917 918//918
f 901//901 919//919 902//902
f 901//901 918//918 919//919
f 902//902 920//920 903//903
f 902//902 919//919 920//920
f 903//903 921//921 904//904
f 903//903 920//920 921//921
f 904//904 922//922 905//905
f 904//904 921//921 922//922
f 905//905 923//923 906//906
f 905//905 922//922 923//923
f 906//906 924//924 907//907
f 906//906 923//923 924//924
f 907//907 925//925 908//908
f 907//907 924//924 925//925
f 908//908 926//926 909//909
f 908//908 925//925 926//926
f 909//909 927//927 910//910
f 909//909 926//926 927//927
f 910//910 928//928 911//911
f 910//910 927//927 928//928
f 914//914 932//932 915//915
f 914//914 931//931 932//932
f 915//915 933//933 916//916
f 915//915 932//932 933//933
f 916//916 934//934 917//917
f 916//916 933//933 934//934
f 917//917 935//935 918//918
f 917//917 934//934 935//935
f 918//918 936//936 919//919
f 918//918 935//935 936//936
f 919//919 937//937 920//920
f 919//919 936//936 937//937
f 920//920 938//938 921//921
f 920//920 937//937 938//938
f 921//921 939//939 922//922
f 921//921 938//938 939//939
f 922//922 940//940 923//923
f 922//922 939//939 940//940
f 923//923 941//941 924//924
f 923//923 940//940 941//941
f 924//924 942//942 925//925
f 924//924 941//941 942//942
f 925//925 943//943 926//926
f 925//925 942//942 943//943
f 926//926 944//944 927//927
f 926//926 943//943 944//944
f 929//929 946//946 930//930
f 929//929 945//945 946//946
f 930//930 947//947 931//931
f 930//930 946//946 947//947
f 931//931 948//948 932//932
f 931//931 947//947 948//948
f 932//932 949//949 933//933
f 932//932 948//948 949//949
f 933//933 950//950 934//934
f 933//933 949//949 950//950
f 934//934 951//951 935//935
f 934//934 950//950 951//951
f 935//935 952//952 936//936
f 935//935 951//951 952//952
f 936//936 953//953 937//937
f 936//936 952//952 953//953
f 937//937 954//954 938//938
f 937//937 953//953 954//954
f 938//938 955//955 939//939
f 938//938 954//954 955//955
f 939//939 956//956 940//940
f 939//939 955//955 956//956
f 940//940 957//957 941//941
f 940//940 956//956 957//957
f 941//941 958//958 942//942
f 941//941 957//957 958//958
f 942//942 959//959 943//943
f 942//942 958//958 959//959
f 943//943 960//960 944//944
f 943//943 959//959 960//960
f 945//945 962//962 946//946
f 945//945 961//961 962//962
f 946//946 963//963 947//947
f 946//946 962//962 963//963
f 947//947 964//964 948//948
f 947//947 963//963 964//964
f 948//948 965//965 949//949
f 948//948 964//964 965//965
f 949//949 966//966 950//950
f 949//949 965//965 966//966
f 950//950 967//967 951//951
f 950//950 966//966 967//967
f 951//951 968//968 952//952
f 951//951 967//967 968//968
f 952//952 969//969 953//953
f 952//952 968//968 969//969
f 953//953 970//970 954//954
f 953//953 969//969 970//970
f 954//954 971//971 955//955
f 954//954 970//970 971//971
f 955//955 972//972 956//956
f 955//955 971//971 972//972
f 956//956 973//973 957//957
f 956//956 972//972 973//973
f 957//957 974//974 958//958
f 957//957 973//973 974//974
f 961//961 975//975 962//962
f 962//962 976//976 963//963
f 962//962 975//975 976//976
f 963//963 977//977 964//964
f 963//963 976//976 977//977
f 964//964 978//978 965//965
f 964//964 977//977 978//978
f 965//965 979//979 966//966
f 965//965 978//978 979//979
f 966//966 980//980 967//967
f 966//966 979//979 980//980
f 967//967 981//981 968//968
f 967//967 980//980 981//981
f 968//968 982//982 969//969
f 968//968 981//981 982//982
f 970//970 983//983 971//971
f 971//971 984//984 972//972
f 971//971 983//983 984//984
f 972//972 985//985 973//973
f 972//972 984//984 985//985
f 973//973 986//986 974//974
f 973//973 985//985 986//986
